vendor_id,vendor_name,created_date,primary_account,bank_account_ref,status
VEN-1001,Amberlight Contractors,2024-11-01,6710 · Equipment,BA-30246633,Active
VEN-1002,Anchor Courier Services,2022-07-05,6000 · Office,BA-97366946,Active
VEN-1003,Ashcombe & Finch,2023-05-08,6300 · Contractors,BA-19722233,Active
VEN-1004,Ashcombe & Sons,2021-08-27,6500 · Professional,BA-81924865,Active
VEN-1005,Ashcombe Advisory,2023-12-12,6900 · Miscellaneous,BA-59081935,Active
VEN-1006,Ashcombe Co,2022-06-08,6900 · Miscellaneous,BA-17784483,Active
VEN-1007,Ashcombe Consulting,2022-01-29,6600 · Marketing,BA-38816302,Active
VEN-1008,Ashcombe Contractors,2023-08-24,6000 · Office,BA-21535642,Active
VEN-1009,Ashcombe Distribution,2022-07-29,6000 · Office,BA-66126116,Active
VEN-1010,Ashcombe Group,2023-04-28,6900 · Miscellaneous,BA-42301241,Active
VEN-1011,Ashcombe Holdings,2023-04-16,6300 · Contractors,BA-83960310,Active
VEN-1012,Ashcombe Logistics,2022-04-11,6600 · Marketing,BA-17933677,Active
VEN-1013,Ashcombe Materials,2021-05-04,6600 · Marketing,BA-85893910,Active
VEN-1014,Ashcombe Partners,2023-02-24,6210 · Software,BA-39962626,Active
VEN-1015,Ashcombe Services,2021-10-07,6210 · Software,BA-94212661,Active
VEN-1016,Ashcombe Solutions,2022-02-06,6300 · Contractors,BA-18302983,Active
VEN-1017,Ashcombe Supply,2021-11-20,6400 · Travel,BA-88590039,Active
VEN-1018,Ashcombe Supply Co,2022-05-09,6100 · Facilities,BA-16655764,Active
VEN-1019,Ashcombe Trade Ltd,2023-02-03,6500 · Professional,BA-16252221,Active
VEN-1020,Ashcombe Traders,2022-04-08,6800 · Events,BA-27874421,Active
VEN-1021,Ashcombe Vendors,2022-11-23,6900 · Miscellaneous,BA-66255890,Active
VEN-1022,Ashcombe Ventures,2023-04-08,6500 · Professional,BA-82569631,Active
VEN-1023,Ashcroft & Finch,2023-02-25,6100 · Facilities,BA-86626738,Active
VEN-1024,Ashcroft & Sons,2022-09-10,6600 · Marketing,BA-85196458,Active
VEN-1025,Ashcroft Advisory,2021-03-02,6600 · Marketing,BA-34256684,Active
VEN-1026,Ashcroft Co,2023-03-26,6900 · Miscellaneous,BA-88061052,Active
VEN-1027,Ashcroft Consulting,2021-12-15,6600 · Marketing,BA-95753514,Active
VEN-1028,Ashcroft Distribution,2023-03-13,6800 · Events,BA-59982352,Active
VEN-1029,Ashcroft Group,2023-03-15,6400 · Travel,BA-83517017,Active
VEN-1030,Ashcroft Holdings,2021-07-28,6710 · Equipment,BA-18427393,Active
VEN-1031,Ashcroft Logistics,2022-04-06,6210 · Software,BA-17999533,Active
VEN-1032,Ashcroft Materials,2021-10-11,6900 · Miscellaneous,BA-37643310,Active
VEN-1033,Ashcroft Partners,2022-03-29,6100 · Facilities,BA-81366283,Active
VEN-1034,Ashcroft Services,2022-05-04,6210 · Software,BA-52164119,Active
VEN-1035,Ashcroft Solutions,2022-07-07,6210 · Software,BA-88592782,Active
VEN-1036,Ashcroft Supply,2022-04-27,6400 · Travel,BA-58530762,Active
VEN-1037,Ashcroft Supply Co,2022-09-11,6210 · Software,BA-43343251,Active
VEN-1038,Ashcroft Trade Ltd,2021-09-30,6400 · Travel,BA-34127884,Active
VEN-1039,Ashcroft Traders,2021-09-04,6210 · Software,BA-42762079,Active
VEN-1040,Ashcroft Vendors,2023-06-20,6600 · Marketing,BA-87097845,Active
VEN-1041,Ashcroft Ventures,2023-02-19,6600 · Marketing,BA-80490681,Active
VEN-1042,Ashford & Finch,2022-01-29,6800 · Events,BA-56100526,Active
VEN-1043,Ashford & Sons,2021-08-02,6100 · Facilities,BA-70241505,Active
VEN-1044,Ashford Advisory,2022-08-29,6500 · Professional,BA-91733095,Active
VEN-1045,Ashford Co,2023-06-22,6000 · Office,BA-25846520,Active
VEN-1046,Ashford Consulting,2022-06-14,6500 · Professional,BA-66119495,Active
VEN-1047,Ashford Contractors,2023-01-27,6210 · Software,BA-55909953,Active
VEN-1048,Ashford Distribution,2023-04-22,6400 · Travel,BA-75627516,Active
VEN-1049,Ashford Group,2022-05-23,6210 · Software,BA-15262308,Active
VEN-1050,Ashford Holdings,2021-11-03,6500 · Professional,BA-20418044,Active
VEN-1051,Ashford Materials,2021-05-15,6000 · Office,BA-84903659,Active
VEN-1052,Ashford Partners,2022-04-27,6100 · Facilities,BA-52110478,Active
VEN-1053,Ashford Services,2022-07-30,6800 · Events,BA-57000147,Active
VEN-1054,Ashford Solutions,2022-01-28,6300 · Contractors,BA-76662562,Active
VEN-1055,Ashford Supply,2021-11-10,6300 · Contractors,BA-71230843,Active
VEN-1056,Ashford Supply Co,2023-06-29,6800 · Events,BA-22562241,Active
VEN-1057,Ashford Trade Ltd,2022-11-29,6900 · Miscellaneous,BA-73632401,Active
VEN-1058,Ashford Traders,2021-09-25,6210 · Software,BA-99141000,Active
VEN-1059,Ashford Ventures,2023-06-30,6100 · Facilities,BA-18142912,Active
VEN-1060,Atlas Field Systems,2021-06-19,6000 · Office,BA-51554798,Active
VEN-1061,Barrow & Finch,2022-02-02,6100 · Facilities,BA-87570629,Active
VEN-1062,Barrow & Sons,2021-08-09,6000 · Office,BA-69812891,Active
VEN-1063,Barrow Advisory,2022-09-27,6100 · Facilities,BA-61780050,Active
VEN-1064,Barrow Co,2022-07-10,6000 · Office,BA-56574257,Active
VEN-1065,Barrow Consulting,2023-09-21,6800 · Events,BA-71967692,Active
VEN-1066,Barrow Contractors,2022-06-19,6300 · Contractors,BA-32555071,Active
VEN-1067,Barrow Distribution,2021-12-09,6210 · Software,BA-25716331,Active
VEN-1068,Barrow Group,2022-02-03,6000 · Office,BA-17912728,Active
VEN-1069,Barrow Holdings,2023-03-05,6800 · Events,BA-48578460,Active
VEN-1070,Barrow Logistics,2023-02-25,6600 · Marketing,BA-43234300,Active
VEN-1071,Barrow Materials,2022-08-12,6000 · Office,BA-62472380,Active
VEN-1072,Barrow Partners,2021-04-14,6600 · Marketing,BA-76640001,Active
VEN-1073,Barrow Services,2023-04-19,6500 · Professional,BA-32329304,Active
VEN-1074,Barrow Solutions,2022-05-25,6300 · Contractors,BA-63907779,Active
VEN-1075,Barrow Supply,2022-03-22,6100 · Facilities,BA-47290936,Active
VEN-1076,Barrow Supply Co,2023-02-20,6000 · Office,BA-67783637,Active
VEN-1077,Barrow Trade Ltd,2021-02-04,6600 · Marketing,BA-83849218,Active
VEN-1078,Barrow Traders,2022-10-29,6210 · Software,BA-65740154,Active
VEN-1079,Barrow Vendors,2022-06-16,6600 · Marketing,BA-61061966,Active
VEN-1080,Barrow Ventures,2022-12-07,6100 · Facilities,BA-30256261,Active
VEN-1081,Basecamp Staffing,2023-03-24,6300 · Contractors,BA-33651543,Active
VEN-1082,Birchwood & Finch,2023-04-21,6710 · Equipment,BA-41132723,Active
VEN-1083,Birchwood & Sons,2021-10-12,6300 · Contractors,BA-41317839,Active
VEN-1084,Birchwood Advisory,2023-10-07,6710 · Equipment,BA-75090595,Active
VEN-1085,Birchwood Co,2021-05-31,6900 · Miscellaneous,BA-89070818,Active
VEN-1086,Birchwood Consulting,2022-12-12,6300 · Contractors,BA-45265254,Active
VEN-1087,Birchwood Contractors,2023-01-13,6710 · Equipment,BA-10549434,Active
VEN-1088,Birchwood Distribution,2023-03-01,6500 · Professional,BA-66230047,Active
VEN-1089,Birchwood Group,2022-04-01,6210 · Software,BA-59560375,Active
VEN-1090,Birchwood Holdings,2022-06-24,6400 · Travel,BA-86013032,Active
VEN-1091,Birchwood Logistics,2022-09-01,6000 · Office,BA-26843185,Active
VEN-1092,Birchwood Materials,2021-07-22,6100 · Facilities,BA-79188088,Active
VEN-1093,Birchwood Services,2021-12-10,6600 · Marketing,BA-97908110,Active
VEN-1094,Birchwood Solutions,2021-08-09,6600 · Marketing,BA-17246803,Active
VEN-1095,Birchwood Supply,2022-07-04,6600 · Marketing,BA-85064182,Active
VEN-1096,Birchwood Supply Co,2022-05-24,6300 · Contractors,BA-63428001,Active
VEN-1097,Birchwood Trade Ltd,2022-08-12,6300 · Contractors,BA-62897893,Active
VEN-1098,Birchwood Traders,2023-03-08,6210 · Software,BA-74628898,Active
VEN-1099,Birchwood Vendors,2021-09-19,6000 · Office,BA-63746500,Active
VEN-1100,Birchwood Ventures,2023-08-05,6500 · Professional,BA-35583179,Active
VEN-1101,Brackendale & Finch,2023-09-03,6600 · Marketing,BA-38019720,Active
VEN-1102,Brackendale & Sons,2022-05-03,6100 · Facilities,BA-31783965,Active
VEN-1103,Brackendale Advisory,2023-03-05,6100 · Facilities,BA-55641228,Active
VEN-1104,Brackendale Co,2021-10-11,6000 · Office,BA-17056578,Active
VEN-1105,Brackendale Consulting,2023-03-21,6300 · Contractors,BA-10031310,Active
VEN-1106,Brackendale Contractors,2021-12-28,6710 · Equipment,BA-30302435,Active
VEN-1107,Brackendale Distribution,2022-07-05,6600 · Marketing,BA-23618316,Active
VEN-1108,Brackendale Group,2022-06-11,6710 · Equipment,BA-92374421,Active
VEN-1109,Brackendale Holdings,2023-05-29,6210 · Software,BA-19437596,Active
VEN-1110,Brackendale Logistics,2021-05-01,6500 · Professional,BA-37910936,Active
VEN-1111,Brackendale Materials,2022-03-28,6000 · Office,BA-60496650,Active
VEN-1112,Brackendale Partners,2023-04-09,6500 · Professional,BA-95149012,Active
VEN-1113,Brackendale Services,2022-10-24,6000 · Office,BA-56625835,Active
VEN-1114,Brackendale Solutions,2022-05-20,6210 · Software,BA-58877189,Active
VEN-1115,Brackendale Supply,2022-03-09,6300 · Contractors,BA-26487605,Active
VEN-1116,Brackendale Supply Co,2023-05-05,6900 · Miscellaneous,BA-75507385,Active
VEN-1117,Brackendale Trade Ltd,2022-03-24,6900 · Miscellaneous,BA-74477539,Active
VEN-1118,Brackendale Traders,2022-07-02,6100 · Facilities,BA-51856109,Active
VEN-1119,Brackendale Vendors,2023-04-11,6300 · Contractors,BA-29343122,Active
VEN-1120,Brackendale Ventures,2023-03-18,6210 · Software,BA-55987803,Active
VEN-1121,Brackenwood Print Co,2024-11-03,6210 · Software,BA-74239549,Active
VEN-1122,Brightline Advisory,2021-04-17,6300 · Contractors,BA-31667923,Active
VEN-1123,Cascade IT Partners,2022-01-20,6210 · Software,BA-13099855,Active
VEN-1124,Cedar Cloud Tools,2022-12-24,6600 · Marketing,BA-80901507,Active
VEN-1125,Cinderpath & Finch,2022-10-09,6100 · Facilities,BA-29676659,Active
VEN-1126,Cinderpath & Sons,2021-08-15,6210 · Software,BA-82903368,Active
VEN-1127,Cinderpath Advisory,2023-08-05,6210 · Software,BA-80881649,Active
VEN-1128,Cinderpath Co,2022-11-29,6500 · Professional,BA-96290869,Active
VEN-1129,Cinderpath Consulting,2021-04-06,6600 · Marketing,BA-22215229,Active
VEN-1130,Cinderpath Contractors,2021-08-09,6400 · Travel,BA-45046288,Active
VEN-1131,Cinderpath Distribution,2022-06-07,6800 · Events,BA-59217612,Active
VEN-1132,Cinderpath Group,2023-05-15,6300 · Contractors,BA-57740731,Active
VEN-1133,Cinderpath Holdings,2021-07-06,6800 · Events,BA-39902737,Active
VEN-1134,Cinderpath Logistics,2022-06-19,6900 · Miscellaneous,BA-82687908,Active
VEN-1135,Cinderpath Materials,2021-10-05,6100 · Facilities,BA-77470852,Active
VEN-1136,Cinderpath Partners,2022-10-12,6100 · Facilities,BA-95421789,Active
VEN-1137,Cinderpath Services,2022-11-30,6400 · Travel,BA-92306098,Active
VEN-1138,Cinderpath Solutions,2021-04-01,6210 · Software,BA-36192056,Active
VEN-1139,Cinderpath Supply,2021-06-27,6710 · Equipment,BA-42130069,Active
VEN-1140,Cinderpath Supply Co,2021-04-21,6300 · Contractors,BA-63778945,Active
VEN-1141,Cinderpath Trade Ltd,2021-11-12,6900 · Miscellaneous,BA-40432459,Active
VEN-1142,Cinderpath Traders,2023-04-20,6100 · Facilities,BA-79476293,Active
VEN-1143,Cinderpath Vendors,2022-05-14,6300 · Contractors,BA-57722796,Active
VEN-1144,Cinderpath Ventures,2021-07-31,6500 · Professional,BA-13889649,Active
VEN-1145,Cloverfield & Finch,2024-03-02,6400 · Travel,BA-47502921,Active
VEN-1146,Cloverfield & Sons,2022-02-24,6900 · Miscellaneous,BA-44785794,Active
VEN-1147,Cloverfield Advisory,2023-03-22,6500 · Professional,BA-91220385,Active
VEN-1148,Cloverfield Co,2022-11-17,6710 · Equipment,BA-70025882,Active
VEN-1149,Cloverfield Consulting,2021-03-25,6000 · Office,BA-56911734,Active
VEN-1150,Cloverfield Contractors,2022-07-19,6000 · Office,BA-20809644,Active
VEN-1151,Cloverfield Distribution,2023-04-12,6400 · Travel,BA-23711300,Active
VEN-1152,Cloverfield Group,2023-02-15,6600 · Marketing,BA-73093067,Active
VEN-1153,Cloverfield Holdings,2023-05-24,6300 · Contractors,BA-55330357,Active
VEN-1154,Cloverfield Logistics,2023-04-15,6210 · Software,BA-74780629,Active
VEN-1155,Cloverfield Materials,2021-12-04,6800 · Events,BA-91907998,Active
VEN-1156,Cloverfield Partners,2021-04-17,6900 · Miscellaneous,BA-10256129,Active
VEN-1157,Cloverfield Services,2022-05-28,6210 · Software,BA-97641229,Active
VEN-1158,Cloverfield Solutions,2022-06-28,6900 · Miscellaneous,BA-96319863,Active
VEN-1159,Cloverfield Supply,2023-06-23,6600 · Marketing,BA-98662305,Active
VEN-1160,Cloverfield Supply Co,2023-04-26,6210 · Software,BA-62148384,Active
VEN-1161,Cloverfield Trade Ltd,2021-05-26,6000 · Office,BA-36752197,Active
VEN-1162,Cloverfield Traders,2022-03-01,6400 · Travel,BA-33960779,Active
VEN-1163,Cloverfield Vendors,2023-02-07,6500 · Professional,BA-95341298,Active
VEN-1164,Cloverfield Ventures,2022-10-23,6900 · Miscellaneous,BA-21643368,Active
VEN-1165,Coastal Tech Supply,2021-06-26,6210 · Software,BA-63128543,Active
VEN-1166,Cobalt Advisory Partners,2024-10-29,6800 · Events,BA-63873226,Active
VEN-1167,Copperfield & Finch,2021-07-04,6210 · Software,BA-21397668,Active
VEN-1168,Copperfield & Sons,2021-12-25,6100 · Facilities,BA-31321298,Active
VEN-1169,Copperfield Advisory,2023-03-05,6800 · Events,BA-27050801,Active
VEN-1170,Copperfield Co,2023-06-16,6600 · Marketing,BA-30287103,Active
VEN-1171,Copperfield Consulting,2021-11-19,6500 · Professional,BA-72458740,Active
VEN-1172,Copperfield Contractors,2021-07-20,6600 · Marketing,BA-98027796,Active
VEN-1173,Copperfield Distribution,2023-02-22,6400 · Travel,BA-92083983,Active
VEN-1174,Copperfield Group,2021-03-22,6900 · Miscellaneous,BA-89976351,Active
VEN-1175,Copperfield Holdings,2022-03-09,6300 · Contractors,BA-98217056,Active
VEN-1176,Copperfield Logistics,2022-10-07,6710 · Equipment,BA-30926211,Active
VEN-1177,Copperfield Materials,2022-02-03,6000 · Office,BA-83589642,Active
VEN-1178,Copperfield Partners,2023-04-08,6210 · Software,BA-12871813,Active
VEN-1179,Copperfield Services,2023-08-05,6900 · Miscellaneous,BA-97197858,Active
VEN-1180,Copperfield Solutions,2023-03-30,6600 · Marketing,BA-80676511,Active
VEN-1181,Copperfield Supply,2021-06-29,6710 · Equipment,BA-28689916,Active
VEN-1182,Copperfield Supply Co,2022-03-29,6300 · Contractors,BA-36146343,Active
VEN-1183,Copperfield Trade Ltd,2021-05-22,6500 · Professional,BA-38325623,Active
VEN-1184,Copperfield Traders,2023-07-10,6600 · Marketing,BA-43800696,Active
VEN-1185,Copperfield Vendors,2023-06-11,6300 · Contractors,BA-49321318,Active
VEN-1186,Copperfield Ventures,2022-03-09,6300 · Contractors,BA-42284650,Active
VEN-1187,Copperline Equipment,2024-10-11,6500 · Professional,BA-44811353,Active
VEN-1188,Deerpath & Finch,2022-02-16,6800 · Events,BA-66238912,Active
VEN-1189,Deerpath & Sons,2021-05-14,6000 · Office,BA-27592411,Active
VEN-1190,Deerpath Advisory,2024-02-17,6210 · Software,BA-57484087,Active
VEN-1191,Deerpath Co,2022-04-07,6300 · Contractors,BA-98915866,Active
VEN-1192,Deerpath Consulting,2022-07-21,6400 · Travel,BA-79358465,Active
VEN-1193,Deerpath Contractors,2022-06-07,6300 · Contractors,BA-77330181,Active
VEN-1194,Deerpath Distribution,2023-03-03,6210 · Software,BA-81380338,Active
VEN-1195,Deerpath Group,2023-01-27,6900 · Miscellaneous,BA-80263864,Active
VEN-1196,Deerpath Holdings,2022-01-24,6000 · Office,BA-12510524,Active
VEN-1197,Deerpath Logistics,2021-01-19,6800 · Events,BA-69072565,Active
VEN-1198,Deerpath Materials,2021-04-29,6710 · Equipment,BA-34576324,Active
VEN-1199,Deerpath Partners,2021-11-29,6500 · Professional,BA-10527808,Active
VEN-1200,Deerpath Services,2021-05-05,6300 · Contractors,BA-30106149,Active
VEN-1201,Deerpath Solutions,2023-01-06,6400 · Travel,BA-28999723,Active
VEN-1202,Deerpath Supply,2022-02-18,6210 · Software,BA-93094361,Active
VEN-1203,Deerpath Supply Co,2021-07-08,6500 · Professional,BA-26151306,Active
VEN-1204,Deerpath Trade Ltd,2022-09-01,6400 · Travel,BA-18288654,Active
VEN-1205,Deerpath Traders,2022-09-06,6500 · Professional,BA-79571586,Active
VEN-1206,Deerpath Vendors,2022-01-05,6800 · Events,BA-84550146,Active
VEN-1207,Deerpath Ventures,2022-03-09,6600 · Marketing,BA-24241764,Active
VEN-1208,Drift Marketing Co,2021-11-27,6600 · Marketing,BA-17626596,Active
VEN-1209,Driftwood & Finch,2022-11-09,6500 · Professional,BA-35676674,Active
VEN-1210,Driftwood & Sons,2022-11-23,6800 · Events,BA-15663839,Active
VEN-1211,Driftwood Advisory,2021-05-31,6400 · Travel,BA-23119148,Active
VEN-1212,Driftwood Co,2022-01-28,6710 · Equipment,BA-70690025,Active
VEN-1213,Driftwood Consulting,2022-02-16,6900 · Miscellaneous,BA-13740078,Active
VEN-1214,Driftwood Contractors,2021-05-19,6100 · Facilities,BA-18505221,Active
VEN-1215,Driftwood Distribution,2022-05-03,6400 · Travel,BA-53703122,Active
VEN-1216,Driftwood Group,2022-02-17,6500 · Professional,BA-77854192,Active
VEN-1217,Driftwood Holdings,2021-12-08,6710 · Equipment,BA-78741149,Active
VEN-1218,Driftwood Logistics,2023-02-23,6300 · Contractors,BA-47203213,Active
VEN-1219,Driftwood Materials,2022-06-03,6800 · Events,BA-78203564,Active
VEN-1220,Driftwood Partners,2022-03-07,6500 · Professional,BA-74160948,Active
VEN-1221,Driftwood Services,2022-02-03,6000 · Office,BA-43239798,Active
VEN-1222,Driftwood Solutions,2022-04-06,6210 · Software,BA-80224010,Active
VEN-1223,Driftwood Supply,2021-05-01,6900 · Miscellaneous,BA-44841887,Active
VEN-1224,Driftwood Supply Co,2022-01-12,6900 · Miscellaneous,BA-37190971,Active
VEN-1225,Driftwood Trade Ltd,2021-10-15,6000 · Office,BA-70066221,Active
VEN-1226,Driftwood Traders,2023-03-02,6000 · Office,BA-65920079,Active
VEN-1227,Driftwood Vendors,2023-04-12,6710 · Equipment,BA-62662255,Active
VEN-1228,Driftwood Ventures,2022-05-16,6400 · Travel,BA-52410090,Active
VEN-1229,Dunmore & Finch,2023-05-04,6000 · Office,BA-42297987,Active
VEN-1230,Dunmore & Sons,2022-08-17,6500 · Professional,BA-19814103,Active
VEN-1231,Dunmore Advisory,2022-12-17,6710 · Equipment,BA-99855030,Active
VEN-1232,Dunmore Co,2022-09-06,6100 · Facilities,BA-26421523,Active
VEN-1233,Dunmore Consulting,2021-04-28,6300 · Contractors,BA-30729474,Active
VEN-1234,Dunmore Contractors,2021-06-13,6400 · Travel,BA-96363470,Active
VEN-1235,Dunmore Group,2022-01-27,6900 · Miscellaneous,BA-59148289,Active
VEN-1236,Dunmore Holdings,2023-02-24,6000 · Office,BA-43971558,Active
VEN-1237,Dunmore Logistics,2023-04-23,6300 · Contractors,BA-72778440,Active
VEN-1238,Dunmore Materials,2022-11-06,6800 · Events,BA-22633303,Active
VEN-1239,Dunmore Partners,2022-10-19,6400 · Travel,BA-75399034,Active
VEN-1240,Dunmore Services,2023-04-04,6400 · Travel,BA-99635023,Active
VEN-1241,Dunmore Solutions,2021-02-27,6100 · Facilities,BA-40026139,Active
VEN-1242,Dunmore Supply,2023-06-27,6600 · Marketing,BA-67917877,Active
VEN-1243,Dunmore Supply Co,2022-03-12,6210 · Software,BA-64198427,Active
VEN-1244,Dunmore Trade Ltd,2022-08-21,6210 · Software,BA-66542771,Active
VEN-1245,Dunmore Traders,2023-03-06,6500 · Professional,BA-57864027,Active
VEN-1246,Dunmore Vendors,2022-11-17,6100 · Facilities,BA-22374072,Active
VEN-1247,Dunmore Ventures,2021-10-21,6000 · Office,BA-59117315,Active
VEN-1248,Eastmoor & Finch,2023-07-08,6000 · Office,BA-55362865,Active
VEN-1249,Eastmoor & Sons,2022-01-30,6210 · Software,BA-71561748,Active
VEN-1250,Eastmoor Advisory,2022-04-11,6800 · Events,BA-12426922,Active
VEN-1251,Eastmoor Co,2022-05-27,6300 · Contractors,BA-54492893,Active
VEN-1252,Eastmoor Consulting,2022-06-26,6210 · Software,BA-93742074,Active
VEN-1253,Eastmoor Contractors,2023-04-05,6210 · Software,BA-78754679,Active
VEN-1254,Eastmoor Distribution,2023-10-25,6900 · Miscellaneous,BA-25146464,Active
VEN-1255,Eastmoor Group,2021-12-11,6900 · Miscellaneous,BA-40675978,Active
VEN-1256,Eastmoor Holdings,2021-02-19,6300 · Contractors,BA-24063279,Active
VEN-1257,Eastmoor Logistics,2023-04-28,6000 · Office,BA-45643433,Active
VEN-1258,Eastmoor Materials,2023-05-02,6210 · Software,BA-15313436,Active
VEN-1259,Eastmoor Partners,2021-05-25,6900 · Miscellaneous,BA-34367415,Active
VEN-1260,Eastmoor Services,2022-10-20,6000 · Office,BA-27388652,Active
VEN-1261,Eastmoor Solutions,2021-05-04,6210 · Software,BA-66673996,Active
VEN-1262,Eastmoor Supply,2021-02-17,6210 · Software,BA-44709914,Active
VEN-1263,Eastmoor Supply Co,2022-09-15,6400 · Travel,BA-30047826,Active
VEN-1264,Eastmoor Trade Ltd,2022-02-07,6300 · Contractors,BA-79092953,Active
VEN-1265,Eastmoor Traders,2021-11-18,6900 · Miscellaneous,BA-76385704,Active
VEN-1266,Eastmoor Vendors,2021-09-10,6000 · Office,BA-53895707,Active
VEN-1267,Eastmoor Ventures,2023-07-22,6210 · Software,BA-47455108,Active
VEN-1268,Elderglen Supply Co,2024-01-16,6400 · Travel,BA-34608019,Active
VEN-1269,Elmgate & Finch,2022-10-21,6210 · Software,BA-19719255,Active
VEN-1270,Elmgate & Sons,2022-11-24,6400 · Travel,BA-12259115,Active
VEN-1271,Elmgate Advisory,2021-12-25,6500 · Professional,BA-21887116,Active
VEN-1272,Elmgate Co,2021-04-23,6710 · Equipment,BA-44970682,Active
VEN-1273,Elmgate Consulting,2023-04-19,6210 · Software,BA-91628191,Active
VEN-1274,Elmgate Distribution,2021-04-24,6300 · Contractors,BA-39851095,Active
VEN-1275,Elmgate Group,2023-04-16,6600 · Marketing,BA-45494011,Active
VEN-1276,Elmgate Logistics,2021-04-29,6900 · Miscellaneous,BA-26331285,Active
VEN-1277,Elmgate Materials,2022-05-07,6710 · Equipment,BA-11549722,Active
VEN-1278,Elmgate Partners,2023-01-10,6900 · Miscellaneous,BA-84231009,Active
VEN-1279,Elmgate Services,2022-04-16,6900 · Miscellaneous,BA-45951526,Active
VEN-1280,Elmgate Solutions,2021-10-18,6300 · Contractors,BA-27344259,Active
VEN-1281,Elmgate Supply,2023-05-10,6400 · Travel,BA-80721337,Active
VEN-1282,Elmgate Supply Co,2021-07-28,6300 · Contractors,BA-42002360,Active
VEN-1283,Elmgate Trade Ltd,2023-04-07,6210 · Software,BA-31669330,Active
VEN-1284,Elmgate Traders,2022-10-06,6500 · Professional,BA-16761851,Active
VEN-1285,Elmgate Vendors,2023-05-25,6300 · Contractors,BA-37080875,Active
VEN-1286,Elmgate Ventures,2022-09-28,6400 · Travel,BA-94378806,Active
VEN-1287,Everline & Finch,2022-08-31,6300 · Contractors,BA-81281134,Active
VEN-1288,Everline & Sons,2021-10-02,6300 · Contractors,BA-37631611,Active
VEN-1289,Everline Advisory,2022-08-26,6900 · Miscellaneous,BA-69819079,Active
VEN-1290,Everline Co,2022-08-19,6710 · Equipment,BA-33877318,Active
VEN-1291,Everline Consulting,2022-11-08,6600 · Marketing,BA-56573688,Active
VEN-1292,Everline Contractors,2021-04-19,6710 · Equipment,BA-12437810,Active
VEN-1293,Everline Distribution,2023-03-09,6210 · Software,BA-14959258,Active
VEN-1294,Everline Group,2023-07-02,6500 · Professional,BA-12474155,Active
VEN-1295,Everline Holdings,2021-05-29,6300 · Contractors,BA-77867728,Active
VEN-1296,Everline Logistics,2022-01-20,6300 · Contractors,BA-35428420,Active
VEN-1297,Everline Materials,2022-04-30,6900 · Miscellaneous,BA-73721294,Active
VEN-1298,Everline Partners,2022-11-05,6500 · Professional,BA-70002780,Active
VEN-1299,Everline Services,2023-09-18,6100 · Facilities,BA-98358257,Active
VEN-1300,Everline Solutions,2021-04-19,6800 · Events,BA-97255749,Active
VEN-1301,Everline Supply,2022-05-07,6500 · Professional,BA-98115205,Active
VEN-1302,Everline Supply Co,2022-05-05,6710 · Equipment,BA-83270296,Active
VEN-1303,Everline Trade Ltd,2021-02-15,6710 · Equipment,BA-62759119,Active
VEN-1304,Everline Traders,2022-07-10,6500 · Professional,BA-51309941,Active
VEN-1305,Everline Vendors,2021-07-26,6600 · Marketing,BA-38881120,Active
VEN-1306,Everline Ventures,2022-10-31,6100 · Facilities,BA-55997036,Active
VEN-1307,Fairhaven & Finch,2023-06-23,6800 · Events,BA-95359381,Active
VEN-1308,Fairhaven & Sons,2023-08-28,6710 · Equipment,BA-64317606,Active
VEN-1309,Fairhaven Advisory,2022-08-15,6210 · Software,BA-17299905,Active
VEN-1310,Fairhaven Co,2021-03-26,6900 · Miscellaneous,BA-27423955,Active
VEN-1311,Fairhaven Consulting,2023-07-17,6100 · Facilities,BA-19492255,Active
VEN-1312,Fairhaven Contractors,2022-02-18,6800 · Events,BA-44305229,Active
VEN-1313,Fairhaven Distribution,2022-04-08,6600 · Marketing,BA-31910577,Active
VEN-1314,Fairhaven Holdings,2023-07-27,6900 · Miscellaneous,BA-21339367,Active
VEN-1315,Fairhaven Logistics,2021-10-06,6900 · Miscellaneous,BA-61121087,Active
VEN-1316,Fairhaven Materials,2021-02-11,6100 · Facilities,BA-77906507,Active
VEN-1317,Fairhaven Partners,2021-09-25,6900 · Miscellaneous,BA-47840444,Active
VEN-1318,Fairhaven Services,2021-11-08,6900 · Miscellaneous,BA-42509269,Active
VEN-1319,Fairhaven Solutions,2021-09-15,6900 · Miscellaneous,BA-49333645,Active
VEN-1320,Fairhaven Supply,2023-07-02,6300 · Contractors,BA-71666730,Active
VEN-1321,Fairhaven Supply Co,2023-06-11,6300 · Contractors,BA-31143713,Active
VEN-1322,Fairhaven Trade Ltd,2022-11-01,6300 · Contractors,BA-69837566,Active
VEN-1323,Fairhaven Traders,2023-06-16,6000 · Office,BA-45331886,Active
VEN-1324,Fairhaven Vendors,2022-10-20,6000 · Office,BA-54147722,Active
VEN-1325,Fairhaven Ventures,2022-01-08,6710 · Equipment,BA-53423984,Active
VEN-1326,Farrow & West Consulting,2023-08-29,6710 · Equipment,BA-14623360,Active
VEN-1327,Ferncliff & Finch,2023-01-21,6900 · Miscellaneous,BA-39241460,Active
VEN-1328,Ferncliff & Sons,2022-12-11,6000 · Office,BA-34556192,Active
VEN-1329,Ferncliff Advisory,2023-09-08,6710 · Equipment,BA-55007604,Active
VEN-1330,Ferncliff Co,2022-06-07,6800 · Events,BA-21259600,Active
VEN-1331,Ferncliff Consulting,2022-03-11,6710 · Equipment,BA-47437199,Active
VEN-1332,Ferncliff Contractors,2022-04-06,6000 · Office,BA-98049228,Active
VEN-1333,Ferncliff Distribution,2023-01-05,6210 · Software,BA-43310074,Active
VEN-1334,Ferncliff Group,2022-02-13,6710 · Equipment,BA-10664449,Active
VEN-1335,Ferncliff Holdings,2023-04-05,6300 · Contractors,BA-45456120,Active
VEN-1336,Ferncliff Logistics,2021-06-09,6100 · Facilities,BA-22046497,Active
VEN-1337,Ferncliff Materials,2023-02-20,6000 · Office,BA-63621481,Active
VEN-1338,Ferncliff Partners,2021-11-20,6400 · Travel,BA-15592444,Active
VEN-1339,Ferncliff Services,2022-06-27,6500 · Professional,BA-13019113,Active
VEN-1340,Ferncliff Solutions,2022-09-03,6710 · Equipment,BA-50835013,Active
VEN-1341,Ferncliff Supply,2021-11-18,6800 · Events,BA-41247171,Active
VEN-1342,Ferncliff Supply Co,2023-07-14,6000 · Office,BA-88595657,Active
VEN-1343,Ferncliff Trade Ltd,2022-04-16,6900 · Miscellaneous,BA-30837589,Active
VEN-1344,Ferncliff Traders,2021-09-29,6400 · Travel,BA-90068835,Active
VEN-1345,Ferncliff Vendors,2022-08-27,6600 · Marketing,BA-53773065,Active
VEN-1346,Ferncliff Ventures,2021-06-16,6800 · Events,BA-76329160,Active
VEN-1347,Ferngrove Marketing,2024-10-30,6600 · Marketing,BA-48141534,Active
VEN-1348,Ferro Consulting Group,2024-10-17,6000 · Office,BA-15877134,Active
VEN-1349,Fieldstone Repairs,2021-02-21,6710 · Equipment,BA-78851172,Active
VEN-1350,Foothill Rentals,2021-11-20,6710 · Equipment,BA-67612248,Active
VEN-1351,Foxglen & Finch,2021-06-26,6500 · Professional,BA-77852569,Active
VEN-1352,Foxglen & Sons,2023-04-04,6600 · Marketing,BA-80297512,Active
VEN-1353,Foxglen Advisory,2021-11-01,6300 · Contractors,BA-77695536,Active
VEN-1354,Foxglen Co,2022-02-12,6600 · Marketing,BA-12158188,Active
VEN-1355,Foxglen Consulting,2021-04-20,6600 · Marketing,BA-88391409,Active
VEN-1356,Foxglen Contractors,2021-07-10,6600 · Marketing,BA-96287208,Active
VEN-1357,Foxglen Distribution,2023-05-15,6100 · Facilities,BA-21420815,Active
VEN-1358,Foxglen Group,2023-08-28,6710 · Equipment,BA-15618636,Active
VEN-1359,Foxglen Holdings,2023-03-22,6400 · Travel,BA-95512782,Active
VEN-1360,Foxglen Logistics,2022-08-15,6100 · Facilities,BA-24081650,Active
VEN-1361,Foxglen Materials,2022-07-01,6210 · Software,BA-70584027,Active
VEN-1362,Foxglen Partners,2022-04-19,6600 · Marketing,BA-16815618,Active
VEN-1363,Foxglen Services,2021-12-21,6800 · Events,BA-12528752,Active
VEN-1364,Foxglen Solutions,2021-09-14,6100 · Facilities,BA-81329184,Active
VEN-1365,Foxglen Supply,2021-07-27,6400 · Travel,BA-42824244,Active
VEN-1366,Foxglen Supply Co,2022-03-08,6800 · Events,BA-45405683,Active
VEN-1367,Foxglen Trade Ltd,2023-07-04,6600 · Marketing,BA-71330592,Active
VEN-1368,Foxglen Traders,2021-06-06,6210 · Software,BA-19410210,Active
VEN-1369,Foxglen Vendors,2021-08-09,6210 · Software,BA-77507631,Active
VEN-1370,Foxglen Ventures,2022-04-12,6600 · Marketing,BA-22340236,Active
VEN-1371,Gladewell & Finch,2021-10-22,6100 · Facilities,BA-80597203,Active
VEN-1372,Gladewell & Sons,2023-05-03,6300 · Contractors,BA-73600201,Active
VEN-1373,Gladewell Advisory,2022-10-14,6300 · Contractors,BA-19992509,Active
VEN-1374,Gladewell Co,2021-05-10,6710 · Equipment,BA-45642621,Active
VEN-1375,Gladewell Consulting,2022-11-03,6710 · Equipment,BA-37543830,Active
VEN-1376,Gladewell Contractors,2023-01-23,6710 · Equipment,BA-97232433,Active
VEN-1377,Gladewell Distribution,2022-03-29,6300 · Contractors,BA-76296682,Active
VEN-1378,Gladewell Group,2021-03-24,6000 · Office,BA-61346398,Active
VEN-1379,Gladewell Holdings,2023-07-20,6000 · Office,BA-74291655,Active
VEN-1380,Gladewell Logistics,2021-09-04,6600 · Marketing,BA-48563325,Active
VEN-1381,Gladewell Materials,2021-10-15,6210 · Software,BA-16274341,Active
VEN-1382,Gladewell Partners,2021-11-20,6000 · Office,BA-94932017,Active
VEN-1383,Gladewell Services,2021-09-02,6210 · Software,BA-36614050,Active
VEN-1384,Gladewell Solutions,2023-06-27,6500 · Professional,BA-90491079,Active
VEN-1385,Gladewell Supply,2023-03-15,6210 · Software,BA-54529810,Active
VEN-1386,Gladewell Supply Co,2023-01-19,6600 · Marketing,BA-97447461,Active
VEN-1387,Gladewell Trade Ltd,2021-05-15,6600 · Marketing,BA-50858176,Active
VEN-1388,Gladewell Traders,2022-05-28,6300 · Contractors,BA-86203685,Active
VEN-1389,Gladewell Vendors,2023-03-16,6600 · Marketing,BA-11673589,Active
VEN-1390,Gladewell Ventures,2022-05-20,6210 · Software,BA-18141783,Active
VEN-1391,GreenLeaf Utilities,2022-02-20,6100 · Facilities,BA-46074069,Active
VEN-1392,Greystone & Finch,2021-10-14,6400 · Travel,BA-23357223,Active
VEN-1393,Greystone & Sons,2022-03-26,6600 · Marketing,BA-39218321,Active
VEN-1394,Greystone Advisory,2021-08-07,6400 · Travel,BA-75714920,Active
VEN-1395,Greystone Co,2022-11-08,6600 · Marketing,BA-79328247,Active
VEN-1396,Greystone Consulting,2022-08-29,6710 · Equipment,BA-72365992,Active
VEN-1397,Greystone Contractors,2022-03-10,6500 · Professional,BA-72590981,Active
VEN-1398,Greystone Distribution,2021-08-21,6600 · Marketing,BA-25905184,Active
VEN-1399,Greystone Group,2021-12-18,6210 · Software,BA-36742886,Active
VEN-1400,Greystone Holdings,2022-09-04,6900 · Miscellaneous,BA-21523163,Active
VEN-1401,Greystone Logistics,2022-02-25,6600 · Marketing,BA-12349408,Active
VEN-1402,Greystone Materials,2022-11-29,6900 · Miscellaneous,BA-71602021,Active
VEN-1403,Greystone Partners,2023-07-16,6900 · Miscellaneous,BA-77997185,Active
VEN-1404,Greystone Services,2022-10-25,6210 · Software,BA-46058564,Active
VEN-1405,Greystone Solutions,2022-07-07,6100 · Facilities,BA-38163874,Active
VEN-1406,Greystone Supply,2023-03-14,6710 · Equipment,BA-20014369,Active
VEN-1407,Greystone Supply Co,2022-01-31,6000 · Office,BA-22120276,Active
VEN-1408,Greystone Trade Ltd,2023-02-05,6800 · Events,BA-80338909,Active
VEN-1409,Greystone Traders,2023-02-07,6400 · Travel,BA-58258464,Active
VEN-1410,Greystone Vendors,2023-05-19,6900 · Miscellaneous,BA-90982378,Active
VEN-1411,Greystone Ventures,2021-04-05,6500 · Professional,BA-94781070,Active
VEN-1412,Grovemont & Finch,2022-03-08,6500 · Professional,BA-47522967,Active
VEN-1413,Grovemont & Sons,2023-03-08,6710 · Equipment,BA-59014774,Active
VEN-1414,Grovemont Advisory,2022-12-17,6100 · Facilities,BA-76825389,Active
VEN-1415,Grovemont Co,2021-04-29,6210 · Software,BA-75248694,Active
VEN-1416,Grovemont Consulting,2022-06-23,6500 · Professional,BA-13333217,Active
VEN-1417,Grovemont Contractors,2023-01-12,6800 · Events,BA-10481904,Active
VEN-1418,Grovemont Distribution,2022-02-11,6210 · Software,BA-70500023,Active
VEN-1419,Grovemont Group,2022-05-19,6210 · Software,BA-50527182,Active
VEN-1420,Grovemont Holdings,2021-06-19,6710 · Equipment,BA-28885403,Active
VEN-1421,Grovemont Logistics,2022-05-01,6000 · Office,BA-56165549,Active
VEN-1422,Grovemont Materials,2022-06-24,6710 · Equipment,BA-52423277,Active
VEN-1423,Grovemont Partners,2023-11-19,6600 · Marketing,BA-54469603,Active
VEN-1424,Grovemont Services,2023-10-25,6210 · Software,BA-53560039,Active
VEN-1425,Grovemont Solutions,2021-09-07,6210 · Software,BA-55402183,Active
VEN-1426,Grovemont Supply,2021-02-15,6210 · Software,BA-63453493,Active
VEN-1427,Grovemont Supply Co,2023-06-06,6800 · Events,BA-36271930,Active
VEN-1428,Grovemont Trade Ltd,2021-10-13,6500 · Professional,BA-11573248,Active
VEN-1429,Grovemont Traders,2021-06-23,6400 · Travel,BA-48900721,Active
VEN-1430,Grovemont Vendors,2023-01-09,6100 · Facilities,BA-59958791,Active
VEN-1431,Grovemont Ventures,2023-05-31,6100 · Facilities,BA-62734062,Active
VEN-1432,Halcyon Staffing Solutions,2024-11-10,6100 · Facilities,BA-89077952,Active
VEN-1433,Harbor Legal Group,2023-04-28,6500 · Professional,BA-58413585,Active
VEN-1434,Hartmoor & Finch,2022-04-13,6000 · Office,BA-46930712,Active
VEN-1435,Hartmoor & Sons,2021-09-05,6900 · Miscellaneous,BA-16478434,Active
VEN-1436,Hartmoor Advisory,2022-11-12,6100 · Facilities,BA-23651266,Active
VEN-1437,Hartmoor Co,2023-06-15,6300 · Contractors,BA-98849207,Active
VEN-1438,Hartmoor Contractors,2022-10-04,6710 · Equipment,BA-95223357,Active
VEN-1439,Hartmoor Distribution,2023-11-06,6710 · Equipment,BA-43463796,Active
VEN-1440,Hartmoor Group,2022-09-25,6600 · Marketing,BA-68551241,Active
VEN-1441,Hartmoor Holdings,2022-06-28,6100 · Facilities,BA-52359299,Active
VEN-1442,Hartmoor Logistics,2023-02-15,6710 · Equipment,BA-60110092,Active
VEN-1443,Hartmoor Materials,2021-05-02,6710 · Equipment,BA-67411315,Active
VEN-1444,Hartmoor Partners,2023-11-24,6000 · Office,BA-94677401,Active
VEN-1445,Hartmoor Services,2022-08-04,6900 · Miscellaneous,BA-84377153,Active
VEN-1446,Hartmoor Solutions,2022-01-06,6500 · Professional,BA-37304692,Active
VEN-1447,Hartmoor Supply,2021-09-17,6710 · Equipment,BA-20814848,Active
VEN-1448,Hartmoor Supply Co,2023-05-11,6710 · Equipment,BA-65148187,Active
VEN-1449,Hartmoor Trade Ltd,2022-04-17,6600 · Marketing,BA-92532369,Active
VEN-1450,Hartmoor Traders,2021-06-06,6900 · Miscellaneous,BA-28598890,Active
VEN-1451,Hartmoor Vendors,2022-05-01,6100 · Facilities,BA-48414230,Active
VEN-1452,Hartmoor Ventures,2023-01-27,6400 · Travel,BA-16573568,Active
VEN-1453,Heathfield & Finch,2022-05-12,6500 · Professional,BA-27087436,Active
VEN-1454,Heathfield & Sons,2023-04-15,6800 · Events,BA-73375475,Active
VEN-1455,Heathfield Advisory,2022-10-10,6500 · Professional,BA-56125647,Active
VEN-1456,Heathfield Co,2022-10-13,6100 · Facilities,BA-49966263,Active
VEN-1457,Heathfield Consulting,2023-01-13,6400 · Travel,BA-97619725,Active
VEN-1458,Heathfield Contractors,2022-09-22,6500 · Professional,BA-64520484,Active
VEN-1459,Heathfield Distribution,2022-01-18,6600 · Marketing,BA-42033077,Active
VEN-1460,Heathfield Group,2022-09-15,6800 · Events,BA-74851593,Active
VEN-1461,Heathfield Holdings,2022-01-05,6900 · Miscellaneous,BA-99775015,Active
VEN-1462,Heathfield Logistics,2022-07-05,6300 · Contractors,BA-26071569,Active
VEN-1463,Heathfield Materials,2023-03-21,6210 · Software,BA-96329518,Active
VEN-1464,Heathfield Partners,2023-01-08,6000 · Office,BA-20089226,Active
VEN-1465,Heathfield Services,2023-01-04,6400 · Travel,BA-77190037,Active
VEN-1466,Heathfield Solutions,2021-08-11,6900 · Miscellaneous,BA-76716382,Active
VEN-1467,Heathfield Supply,2022-01-07,6600 · Marketing,BA-39531289,Active
VEN-1468,Heathfield Supply Co,2022-08-26,6800 · Events,BA-54672257,Active
VEN-1469,Heathfield Trade Ltd,2021-06-14,6710 · Equipment,BA-70392668,Active
VEN-1470,Heathfield Traders,2022-06-28,6400 · Travel,BA-28736266,Active
VEN-1471,Heathfield Vendors,2021-12-03,6600 · Marketing,BA-35824443,Active
VEN-1472,Heathfield Ventures,2022-12-15,6100 · Facilities,BA-22175495,Active
VEN-1473,Hollowbrook & Finch,2023-01-19,6900 · Miscellaneous,BA-55896454,Active
VEN-1474,Hollowbrook & Sons,2022-02-16,6800 · Events,BA-22226475,Active
VEN-1475,Hollowbrook Advisory,2022-09-08,6000 · Office,BA-42095026,Active
VEN-1476,Hollowbrook Co,2022-07-15,6210 · Software,BA-44676165,Active
VEN-1477,Hollowbrook Consulting,2021-06-03,6600 · Marketing,BA-86452799,Active
VEN-1478,Hollowbrook Contractors,2023-01-04,6500 · Professional,BA-12695323,Active
VEN-1479,Hollowbrook Distribution,2021-09-27,6000 · Office,BA-65402616,Active
VEN-1480,Hollowbrook Group,2022-07-15,6000 · Office,BA-65550512,Active
VEN-1481,Hollowbrook Holdings,2021-05-20,6600 · Marketing,BA-80352657,Active
VEN-1482,Hollowbrook Logistics,2022-12-25,6300 · Contractors,BA-60582073,Active
VEN-1483,Hollowbrook Materials,2022-11-15,6500 · Professional,BA-55392851,Active
VEN-1484,Hollowbrook Partners,2021-07-29,6100 · Facilities,BA-18329487,Active
VEN-1485,Hollowbrook Services,2022-02-20,6500 · Professional,BA-47247613,Active
VEN-1486,Hollowbrook Solutions,2022-01-14,6710 · Equipment,BA-58337875,Active
VEN-1487,Hollowbrook Supply,2023-03-28,6900 · Miscellaneous,BA-77564633,Active
VEN-1488,Hollowbrook Supply Co,2021-12-31,6210 · Software,BA-94507092,Active
VEN-1489,Hollowbrook Trade Ltd,2021-06-10,6300 · Contractors,BA-38986082,Active
VEN-1490,Hollowbrook Traders,2023-06-13,6710 · Equipment,BA-46375806,Active
VEN-1491,Hollowbrook Vendors,2022-12-20,6210 · Software,BA-61614871,Active
VEN-1492,Hollowbrook Ventures,2022-06-29,6000 · Office,BA-96676696,Active
VEN-1493,Ironclad Facilities Group,2024-10-04,6710 · Equipment,BA-67960138,Active
VEN-1494,Ironwood & Finch,2023-06-04,6900 · Miscellaneous,BA-12927357,Active
VEN-1495,Ironwood & Sons,2023-03-27,6300 · Contractors,BA-14327648,Active
VEN-1496,Ironwood Advisory,2022-08-20,6000 · Office,BA-73520992,Active
VEN-1497,Ironwood Co,2021-12-21,6500 · Professional,BA-75743113,Active
VEN-1498,Ironwood Consulting,2023-07-02,6100 · Facilities,BA-19816400,Active
VEN-1499,Ironwood Contractors,2022-05-12,6210 · Software,BA-80848359,Active
VEN-1500,Ironwood Distribution,2021-04-04,6000 · Office,BA-72834219,Active
VEN-1501,Ironwood Group,2022-04-27,6800 · Events,BA-43348445,Active
VEN-1502,Ironwood Holdings,2021-04-21,6100 · Facilities,BA-24635906,Active
VEN-1503,Ironwood Logistics,2022-12-11,6800 · Events,BA-30720316,Active
VEN-1504,Ironwood Materials,2023-01-19,6710 · Equipment,BA-80110724,Active
VEN-1505,Ironwood Partners,2022-01-24,6300 · Contractors,BA-24615023,Active
VEN-1506,Ironwood Services,2021-04-07,6710 · Equipment,BA-96885593,Active
VEN-1507,Ironwood Solutions,2021-05-18,6300 · Contractors,BA-71381128,Active
VEN-1508,Ironwood Supply,2023-04-17,6900 · Miscellaneous,BA-84021199,Active
VEN-1509,Ironwood Supply Co,2021-06-15,6500 · Professional,BA-15307809,Active
VEN-1510,Ironwood Trade Ltd,2023-08-25,6600 · Marketing,BA-26864695,Active
VEN-1511,Ironwood Traders,2023-01-23,6400 · Travel,BA-86421196,Active
VEN-1512,Ironwood Vendors,2023-05-23,6710 · Equipment,BA-96638318,Active
VEN-1513,Ironwood Ventures,2021-09-23,6800 · Events,BA-50772964,Active
VEN-1514,Islewood & Finch,2023-04-16,6800 · Events,BA-94083747,Active
VEN-1515,Islewood & Sons,2023-01-02,6300 · Contractors,BA-80900936,Active
VEN-1516,Islewood Advisory,2021-10-25,6100 · Facilities,BA-68710931,Active
VEN-1517,Islewood Co,2021-08-13,6710 · Equipment,BA-25050194,Active
VEN-1518,Islewood Consulting,2023-06-12,6000 · Office,BA-19442473,Active
VEN-1519,Islewood Contractors,2023-03-14,6300 · Contractors,BA-80388699,Active
VEN-1520,Islewood Distribution,2021-11-06,6210 · Software,BA-35729775,Active
VEN-1521,Islewood Group,2022-05-22,6900 · Miscellaneous,BA-45014973,Active
VEN-1522,Islewood Holdings,2023-04-03,6600 · Marketing,BA-90673028,Active
VEN-1523,Islewood Logistics,2023-10-07,6900 · Miscellaneous,BA-11404137,Active
VEN-1524,Islewood Materials,2022-01-10,6900 · Miscellaneous,BA-50469503,Active
VEN-1525,Islewood Partners,2022-05-04,6300 · Contractors,BA-47393548,Active
VEN-1526,Islewood Services,2022-11-11,6900 · Miscellaneous,BA-96513477,Active
VEN-1527,Islewood Solutions,2021-04-03,6210 · Software,BA-42528686,Active
VEN-1528,Islewood Supply,2022-02-16,6210 · Software,BA-80635798,Active
VEN-1529,Islewood Supply Co,2022-12-10,6400 · Travel,BA-83417397,Active
VEN-1530,Islewood Trade Ltd,2022-10-08,6710 · Equipment,BA-13930009,Active
VEN-1531,Islewood Traders,2023-01-27,6100 · Facilities,BA-97194544,Active
VEN-1532,Islewood Ventures,2022-08-14,6210 · Software,BA-17423410,Active
VEN-1533,Ivywood & Finch,2023-05-28,6000 · Office,BA-36053704,Active
VEN-1534,Ivywood & Sons,2022-03-08,6210 · Software,BA-96861466,Active
VEN-1535,Ivywood Advisory,2022-05-11,6300 · Contractors,BA-20883993,Active
VEN-1536,Ivywood Co,2022-10-12,6210 · Software,BA-40580235,Active
VEN-1537,Ivywood Consulting,2021-12-05,6400 · Travel,BA-66951588,Active
VEN-1538,Ivywood Contractors,2022-06-22,6600 · Marketing,BA-40438711,Active
VEN-1539,Ivywood Distribution,2022-04-15,6800 · Events,BA-14576478,Active
VEN-1540,Ivywood Group,2021-12-15,6210 · Software,BA-55372513,Active
VEN-1541,Ivywood Holdings,2021-07-10,6900 · Miscellaneous,BA-66446184,Active
VEN-1542,Ivywood Logistics,2022-08-22,6100 · Facilities,BA-63198298,Active
VEN-1543,Ivywood Materials,2022-12-12,6000 · Office,BA-10906434,Active
VEN-1544,Ivywood Partners,2021-04-29,6210 · Software,BA-49206502,Active
VEN-1545,Ivywood Services,2021-10-01,6900 · Miscellaneous,BA-77763630,Active
VEN-1546,Ivywood Solutions,2023-04-21,6210 · Software,BA-37543972,Active
VEN-1547,Ivywood Supply,2022-03-25,6710 · Equipment,BA-36899085,Active
VEN-1548,Ivywood Supply Co,2022-09-29,6600 · Marketing,BA-36029282,Active
VEN-1549,Ivywood Trade Ltd,2022-11-06,6710 · Equipment,BA-72426554,Active
VEN-1550,Ivywood Traders,2022-12-29,6000 · Office,BA-45570644,Active
VEN-1551,Ivywood Vendors,2021-06-11,6500 · Professional,BA-49585217,Active
VEN-1552,Ivywood Ventures,2023-06-12,6300 · Contractors,BA-93697774,Active
VEN-1553,Jasperton & Finch,2022-10-10,6710 · Equipment,BA-91886009,Active
VEN-1554,Jasperton & Sons,2023-03-17,6210 · Software,BA-39974058,Active
VEN-1555,Jasperton Advisory,2022-03-25,6400 · Travel,BA-65972695,Active
VEN-1556,Jasperton Co,2021-08-17,6000 · Office,BA-17572171,Active
VEN-1557,Jasperton Consulting,2021-10-17,6800 · Events,BA-29647200,Active
VEN-1558,Jasperton Contractors,2022-05-27,6400 · Travel,BA-17295858,Active
VEN-1559,Jasperton Distribution,2023-02-01,6210 · Software,BA-13171392,Active
VEN-1560,Jasperton Group,2022-05-21,6300 · Contractors,BA-29046982,Active
VEN-1561,Jasperton Holdings,2022-07-23,6500 · Professional,BA-16957919,Active
VEN-1562,Jasperton Logistics,2022-01-01,6000 · Office,BA-18071217,Active
VEN-1563,Jasperton Materials,2022-12-26,6600 · Marketing,BA-62790744,Active
VEN-1564,Jasperton Partners,2022-06-01,6400 · Travel,BA-52171205,Active
VEN-1565,Jasperton Services,2021-09-30,6500 · Professional,BA-25194192,Active
VEN-1566,Jasperton Solutions,2023-06-08,6500 · Professional,BA-32230984,Active
VEN-1567,Jasperton Supply,2023-01-22,6210 · Software,BA-35593109,Active
VEN-1568,Jasperton Supply Co,2023-02-11,6800 · Events,BA-97572805,Active
VEN-1569,Jasperton Trade Ltd,2021-12-28,6100 · Facilities,BA-72762334,Active
VEN-1570,Jasperton Traders,2023-05-21,6710 · Equipment,BA-51852730,Active
VEN-1571,Jasperton Vendors,2021-08-04,6900 · Miscellaneous,BA-60817437,Active
VEN-1572,Jasperton Ventures,2021-04-26,6500 · Professional,BA-60181809,Active
VEN-1573,Juniper & Finch,2022-07-26,6800 · Events,BA-69382640,Active
VEN-1574,Juniper & Sons,2023-07-02,6600 · Marketing,BA-24624046,Active
VEN-1575,Juniper Advisory,2023-09-07,6210 · Software,BA-20501465,Active
VEN-1576,Juniper Co,2022-10-16,6100 · Facilities,BA-20839822,Active
VEN-1577,Juniper Consulting,2022-08-23,6800 · Events,BA-66396028,Active
VEN-1578,Juniper Contractors,2023-02-23,6300 · Contractors,BA-85313447,Active
VEN-1579,Juniper Distribution,2021-07-12,6710 · Equipment,BA-37837083,Active
VEN-1580,Juniper Group,2022-09-08,6000 · Office,BA-57865963,Active
VEN-1581,Juniper Holdings,2021-05-13,6300 · Contractors,BA-51432906,Active
VEN-1582,Juniper Legal Services,2022-02-04,6500 · Professional,BA-68042367,Active
VEN-1583,Juniper Logistics,2023-05-06,6100 · Facilities,BA-16611207,Active
VEN-1584,Juniper Materials,2021-08-26,6800 · Events,BA-73547269,Active
VEN-1585,Juniper Partners,2022-12-04,6800 · Events,BA-60024878,Active
VEN-1586,Juniper Services,2021-12-25,6600 · Marketing,BA-69907747,Active
VEN-1587,Juniper Solutions,2023-04-09,6000 · Office,BA-53393824,Active
VEN-1588,Juniper Supply,2022-09-14,6300 · Contractors,BA-73690921,Active
VEN-1589,Juniper Supply Co,2023-09-01,6710 · Equipment,BA-94780255,Active
VEN-1590,Juniper Trade Ltd,2022-06-03,6500 · Professional,BA-43287747,Active
VEN-1591,Juniper Traders,2021-03-31,6710 · Equipment,BA-93940881,Active
VEN-1592,Juniper Vendors,2022-01-29,6900 · Miscellaneous,BA-64327660,Active
VEN-1593,Juniper Ventures,2023-07-22,6600 · Marketing,BA-60407838,Active
VEN-1594,Kestrel Point Marketing,2024-02-29,6900 · Miscellaneous,BA-72283819,Active
VEN-1595,Kettleworth & Finch,2023-11-09,6710 · Equipment,BA-18322022,Active
VEN-1596,Kettleworth & Sons,2023-05-29,6900 · Miscellaneous,BA-36164598,Active
VEN-1597,Kettleworth Advisory,2021-05-29,6710 · Equipment,BA-18435817,Active
VEN-1598,Kettleworth Co,2022-01-19,6300 · Contractors,BA-55509142,Active
VEN-1599,Kettleworth Consulting,2022-12-18,6710 · Equipment,BA-46549455,Active
VEN-1600,Kettleworth Contractors,2022-10-14,6710 · Equipment,BA-92809450,Active
VEN-1601,Kettleworth Distribution,2023-09-07,6100 · Facilities,BA-45188193,Active
VEN-1602,Kettleworth Group,2021-05-29,6600 · Marketing,BA-52477713,Active
VEN-1603,Kettleworth Holdings,2023-05-23,6100 · Facilities,BA-49917141,Active
VEN-1604,Kettleworth Logistics,2023-07-10,6600 · Marketing,BA-89935804,Active
VEN-1605,Kettleworth Materials,2021-03-27,6600 · Marketing,BA-95091360,Active
VEN-1606,Kettleworth Partners,2023-06-08,6800 · Events,BA-13255679,Active
VEN-1607,Kettleworth Services,2021-07-06,6000 · Office,BA-41388998,Active
VEN-1608,Kettleworth Solutions,2023-04-03,6800 · Events,BA-73778795,Active
VEN-1609,Kettleworth Supply,2021-08-10,6500 · Professional,BA-72511088,Active
VEN-1610,Kettleworth Supply Co,2021-05-06,6100 · Facilities,BA-61877136,Active
VEN-1611,Kettleworth Trade Ltd,2021-04-30,6800 · Events,BA-43694933,Active
VEN-1612,Kettleworth Traders,2022-05-10,6400 · Travel,BA-76232938,Active
VEN-1613,Kettleworth Ventures,2023-04-12,6300 · Contractors,BA-76644552,Active
VEN-1614,Kingsmere & Finch,2023-01-24,6300 · Contractors,BA-11168389,Active
VEN-1615,Kingsmere & Sons,2021-06-02,6400 · Travel,BA-50710220,Active
VEN-1616,Kingsmere Advisory,2021-04-08,6000 · Office,BA-30309186,Active
VEN-1617,Kingsmere Co,2021-11-09,6900 · Miscellaneous,BA-41694511,Active
VEN-1618,Kingsmere Consulting,2022-12-27,6300 · Contractors,BA-52889111,Active
VEN-1619,Kingsmere Contractors,2022-03-26,6210 · Software,BA-58567817,Active
VEN-1620,Kingsmere Distribution,2021-05-26,6100 · Facilities,BA-89955780,Active
VEN-1621,Kingsmere Group,2023-10-27,6400 · Travel,BA-78704012,Active
VEN-1622,Kingsmere Holdings,2022-12-11,6300 · Contractors,BA-62571125,Active
VEN-1623,Kingsmere Logistics,2021-10-29,6400 · Travel,BA-31466432,Active
VEN-1624,Kingsmere Materials,2022-11-02,6710 · Equipment,BA-64728187,Active
VEN-1625,Kingsmere Partners,2023-07-14,6100 · Facilities,BA-97180588,Active
VEN-1626,Kingsmere Services,2023-06-11,6100 · Facilities,BA-74651324,Active
VEN-1627,Kingsmere Solutions,2022-01-01,6100 · Facilities,BA-83097205,Active
VEN-1628,Kingsmere Supply,2022-10-16,6000 · Office,BA-31567766,Active
VEN-1629,Kingsmere Supply Co,2022-05-04,6600 · Marketing,BA-24122579,Active
VEN-1630,Kingsmere Trade Ltd,2023-07-21,6800 · Events,BA-45553110,Active
VEN-1631,Kingsmere Traders,2022-01-22,6900 · Miscellaneous,BA-21285375,Active
VEN-1632,Kingsmere Vendors,2023-08-14,6710 · Equipment,BA-22941619,Active
VEN-1633,Kingsmere Ventures,2022-05-26,6800 · Events,BA-76904217,Active
VEN-1634,Kingswell & Finch,2021-07-04,6900 · Miscellaneous,BA-69990372,Active
VEN-1635,Kingswell & Sons,2023-03-28,6300 · Contractors,BA-41433295,Active
VEN-1636,Kingswell Advisory,2023-03-29,6300 · Contractors,BA-65947402,Active
VEN-1637,Kingswell Co,2022-05-27,6500 · Professional,BA-93256282,Active
VEN-1638,Kingswell Consulting,2021-12-30,6300 · Contractors,BA-41532215,Active
VEN-1639,Kingswell Contractors,2021-08-27,6300 · Contractors,BA-82284915,Active
VEN-1640,Kingswell Distribution,2021-02-22,6000 · Office,BA-99177643,Active
VEN-1641,Kingswell Group,2021-05-02,6300 · Contractors,BA-26262455,Active
VEN-1642,Kingswell Holdings,2021-11-06,6100 · Facilities,BA-49449733,Active
VEN-1643,Kingswell Logistics,2022-08-19,6000 · Office,BA-47500018,Active
VEN-1644,Kingswell Materials,2021-11-12,6800 · Events,BA-45925506,Active
VEN-1645,Kingswell Partners,2022-06-07,6500 · Professional,BA-44098886,Active
VEN-1646,Kingswell Services,2021-05-28,6210 · Software,BA-44941579,Active
VEN-1647,Kingswell Solutions,2022-11-27,6000 · Office,BA-68974969,Active
VEN-1648,Kingswell Supply,2022-10-12,6100 · Facilities,BA-34929120,Active
VEN-1649,Kingswell Supply Co,2022-10-25,6400 · Travel,BA-41608813,Active
VEN-1650,Kingswell Trade Ltd,2023-08-11,6400 · Travel,BA-47762707,Active
VEN-1651,Kingswell Traders,2021-12-15,6210 · Software,BA-35266505,Active
VEN-1652,Kingswell Vendors,2022-08-13,6500 · Professional,BA-18697858,Active
VEN-1653,Kingswell Ventures,2022-05-27,6210 · Software,BA-43776393,Active
VEN-1654,Larkspur & Finch,2023-07-18,6500 · Professional,BA-78091943,Active
VEN-1655,Larkspur & Sons,2022-05-30,6400 · Travel,BA-41055424,Active
VEN-1656,Larkspur Advisory,2021-11-21,6400 · Travel,BA-29676659,Active
VEN-1657,Larkspur Co,2021-08-31,6800 · Events,BA-72265710,Active
VEN-1658,Larkspur Consulting,2023-06-24,6710 · Equipment,BA-23734825,Active
VEN-1659,Larkspur Contractors,2024-05-08,6500 · Professional,BA-73721578,Active
VEN-1660,Larkspur Distribution,2021-06-07,6500 · Professional,BA-41019536,Active
VEN-1661,Larkspur Group,2021-02-08,6710 · Equipment,BA-70169425,Active
VEN-1662,Larkspur Holdings,2023-01-11,6710 · Equipment,BA-15417277,Active
VEN-1663,Larkspur Logistics,2021-02-04,6100 · Facilities,BA-49416722,Active
VEN-1664,Larkspur Materials,2023-08-14,6210 · Software,BA-26000985,Active
VEN-1665,Larkspur Partners,2023-06-23,6800 · Events,BA-35444081,Active
VEN-1666,Larkspur Services,2021-11-02,6100 · Facilities,BA-88274942,Active
VEN-1667,Larkspur Solutions,2023-08-04,6300 · Contractors,BA-20081977,Active
VEN-1668,Larkspur Supply,2022-06-20,6400 · Travel,BA-78809268,Active
VEN-1669,Larkspur Supply Co,2021-01-28,6800 · Events,BA-33858409,Active
VEN-1670,Larkspur Trade Ltd,2022-04-27,6800 · Events,BA-90938952,Active
VEN-1671,Larkspur Traders,2022-10-20,6300 · Contractors,BA-99221985,Active
VEN-1672,Larkspur Vendors,2023-09-25,6100 · Facilities,BA-24197559,Active
VEN-1673,Larkspur Ventures,2021-10-08,6800 · Events,BA-90013504,Active
VEN-1674,Loganberry Facilities,2021-12-29,6300 · Contractors,BA-93208009,Active
VEN-1675,Longview & Finch,2022-10-19,6600 · Marketing,BA-39211874,Active
VEN-1676,Longview & Sons,2023-08-24,6800 · Events,BA-59487224,Active
VEN-1677,Longview Advisory,2022-07-23,6600 · Marketing,BA-28974291,Active
VEN-1678,Longview Co,2023-07-04,6710 · Equipment,BA-37377253,Active
VEN-1679,Longview Consulting,2022-10-19,6000 · Office,BA-15131948,Active
VEN-1680,Longview Contractors,2022-01-02,6600 · Marketing,BA-97462018,Active
VEN-1681,Longview Distribution,2023-05-20,6710 · Equipment,BA-11527375,Active
VEN-1682,Longview Group,2021-04-24,6400 · Travel,BA-53922648,Active
VEN-1683,Longview Holdings,2022-05-04,6710 · Equipment,BA-59903392,Active
VEN-1684,Longview Logistics,2022-12-25,6100 · Facilities,BA-93351060,Active
VEN-1685,Longview Materials,2022-12-18,6210 · Software,BA-20460227,Active
VEN-1686,Longview Partners,2023-02-01,6100 · Facilities,BA-14223373,Active
VEN-1687,Longview Services,2021-05-07,6400 · Travel,BA-76521692,Active
VEN-1688,Longview Solutions,2022-08-24,6710 · Equipment,BA-74895215,Active
VEN-1689,Longview Supply,2023-08-05,6400 · Travel,BA-64783656,Active
VEN-1690,Longview Supply Co,2023-10-18,6210 · Software,BA-63055826,Active
VEN-1691,Longview Trade Ltd,2021-08-30,6300 · Contractors,BA-83838220,Active
VEN-1692,Longview Traders,2023-03-20,6300 · Contractors,BA-95789548,Active
VEN-1693,Longview Vendors,2022-10-30,6100 · Facilities,BA-22234294,Active
VEN-1694,Longview Ventures,2021-11-11,6100 · Facilities,BA-31970008,Active
VEN-1695,Lumen House Events,2022-08-02,6800 · Events,BA-46395401,Active
VEN-1696,Lyndon & Finch,2022-07-18,6710 · Equipment,BA-48024042,Active
VEN-1697,Lyndon & Sons,2021-10-26,6600 · Marketing,BA-51284804,Active
VEN-1698,Lyndon Advisory,2022-05-16,6300 · Contractors,BA-16893514,Active
VEN-1699,Lyndon Co,2023-04-05,6210 · Software,BA-86037035,Active
VEN-1700,Lyndon Consulting,2022-08-04,6600 · Marketing,BA-65576880,Active
VEN-1701,Lyndon Contractors,2022-04-17,6400 · Travel,BA-12444531,Active
VEN-1702,Lyndon Distribution,2021-04-23,6100 · Facilities,BA-58825909,Active
VEN-1703,Lyndon Group,2021-08-26,6710 · Equipment,BA-36467949,Active
VEN-1704,Lyndon Holdings,2022-06-17,6800 · Events,BA-64354615,Active
VEN-1705,Lyndon Logistics,2022-11-19,6210 · Software,BA-10788743,Active
VEN-1706,Lyndon Materials,2022-12-20,6900 · Miscellaneous,BA-31014049,Active
VEN-1707,Lyndon Partners,2022-05-03,6300 · Contractors,BA-25238985,Active
VEN-1708,Lyndon Services,2021-03-06,6100 · Facilities,BA-22145096,Active
VEN-1709,Lyndon Solutions,2022-05-19,6800 · Events,BA-87550420,Active
VEN-1710,Lyndon Supply,2022-06-07,6210 · Software,BA-71861787,Active
VEN-1711,Lyndon Supply Co,2021-07-02,6300 · Contractors,BA-31816364,Active
VEN-1712,Lyndon Trade Ltd,2023-02-23,6400 · Travel,BA-11991036,Active
VEN-1713,Lyndon Traders,2023-06-07,6400 · Travel,BA-84027500,Active
VEN-1714,Lyndon Vendors,2023-05-31,6400 · Travel,BA-95988827,Active
VEN-1715,Lyndon Ventures,2021-07-03,6400 · Travel,BA-63246742,Active
VEN-1716,Marrow Bay Advisory,2023-08-27,6600 · Marketing,BA-86888572,Active
VEN-1717,Meridian Ad Group,2021-10-24,6600 · Marketing,BA-59773788,Active
VEN-1718,Millbrook & Finch,2021-08-18,6600 · Marketing,BA-77707886,Active
VEN-1719,Millbrook & Sons,2023-01-19,6710 · Equipment,BA-29580598,Active
VEN-1720,Millbrook Advisory,2022-08-02,6500 · Professional,BA-48023212,Active
VEN-1721,Millbrook Co,2023-01-01,6800 · Events,BA-79948760,Active
VEN-1722,Millbrook Consulting,2023-01-07,6210 · Software,BA-19005572,Active
VEN-1723,Millbrook Contractors,2023-12-12,6600 · Marketing,BA-61504006,Active
VEN-1724,Millbrook Distribution,2022-03-16,6210 · Software,BA-36486755,Active
VEN-1725,Millbrook Group,2022-09-15,6600 · Marketing,BA-26998722,Active
VEN-1726,Millbrook Holdings,2021-06-11,6300 · Contractors,BA-15838113,Active
VEN-1727,Millbrook Logistics,2022-05-24,6800 · Events,BA-52214961,Active
VEN-1728,Millbrook Materials,2023-11-14,6300 · Contractors,BA-91556692,Active
VEN-1729,Millbrook Services,2021-09-17,6900 · Miscellaneous,BA-62062410,Active
VEN-1730,Millbrook Solutions,2023-07-04,6500 · Professional,BA-93261023,Active
VEN-1731,Millbrook Supply,2022-04-21,6300 · Contractors,BA-31511900,Active
VEN-1732,Millbrook Supply Co,2021-10-13,6600 · Marketing,BA-39806413,Active
VEN-1733,Millbrook Trade Ltd,2021-10-11,6000 · Office,BA-64288997,Active
VEN-1734,Millbrook Traders,2021-10-09,6210 · Software,BA-36321833,Active
VEN-1735,Millbrook Vendors,2021-05-22,6800 · Events,BA-73478973,Active
VEN-1736,Millbrook Ventures,2023-01-02,6100 · Facilities,BA-85890364,Active
VEN-1737,Millhaven & Finch,2023-04-22,6300 · Contractors,BA-15598567,Active
VEN-1738,Millhaven & Sons,2022-06-30,6400 · Travel,BA-79510357,Active
VEN-1739,Millhaven Advisory,2023-02-03,6400 · Travel,BA-61482749,Active
VEN-1740,Millhaven Co,2022-09-30,6300 · Contractors,BA-26516391,Active
VEN-1741,Millhaven Consulting,2023-04-04,6500 · Professional,BA-43159683,Active
VEN-1742,Millhaven Contractors,2021-11-18,6900 · Miscellaneous,BA-35849756,Active
VEN-1743,Millhaven Distribution,2023-08-21,6000 · Office,BA-85476435,Active
VEN-1744,Millhaven Group,2021-02-04,6900 · Miscellaneous,BA-15117547,Active
VEN-1745,Millhaven Holdings,2021-12-15,6900 · Miscellaneous,BA-53513763,Active
VEN-1746,Millhaven Logistics,2023-10-07,6210 · Software,BA-62322971,Active
VEN-1747,Millhaven Materials,2022-02-16,6710 · Equipment,BA-71167514,Active
VEN-1748,Millhaven Partners,2022-03-02,6210 · Software,BA-94160208,Active
VEN-1749,Millhaven Services,2021-05-15,6900 · Miscellaneous,BA-51099366,Active
VEN-1750,Millhaven Solutions,2022-03-20,6100 · Facilities,BA-66381091,Active
VEN-1751,Millhaven Supply,2022-08-08,6210 · Software,BA-88198558,Active
VEN-1752,Millhaven Supply Co,2022-10-24,6210 · Software,BA-67141834,Active
VEN-1753,Millhaven Trade Ltd,2022-05-29,6000 · Office,BA-98428371,Active
VEN-1754,Millhaven Vendors,2022-10-15,6400 · Travel,BA-69967057,Active
VEN-1755,Millhaven Ventures,2022-02-21,6400 · Travel,BA-68834689,Active
VEN-1756,Morrow Studio LLC,2022-12-23,6300 · Contractors,BA-13137377,Active
VEN-1757,Mosswell & Finch,2023-06-21,6900 · Miscellaneous,BA-93066261,Active
VEN-1758,Mosswell & Sons,2022-03-06,6800 · Events,BA-72447903,Active
VEN-1759,Mosswell Advisory,2023-01-17,6710 · Equipment,BA-69971013,Active
VEN-1760,Mosswell Co,2021-09-05,6210 · Software,BA-93023765,Active
VEN-1761,Mosswell Consulting,2021-06-03,6100 · Facilities,BA-71510513,Active
VEN-1762,Mosswell Contractors,2021-05-14,6100 · Facilities,BA-34101347,Active
VEN-1763,Mosswell Distribution,2021-05-25,6800 · Events,BA-73514358,Active
VEN-1764,Mosswell Group,2022-05-11,6900 · Miscellaneous,BA-24371507,Active
VEN-1765,Mosswell Holdings,2023-04-24,6800 · Events,BA-27241056,Active
VEN-1766,Mosswell Logistics,2022-06-16,6500 · Professional,BA-67794020,Active
VEN-1767,Mosswell Materials,2022-10-07,6210 · Software,BA-22309529,Active
VEN-1768,Mosswell Partners,2021-03-20,6710 · Equipment,BA-69319824,Active
VEN-1769,Mosswell Services,2022-03-20,6900 · Miscellaneous,BA-78472683,Active
VEN-1770,Mosswell Solutions,2021-09-30,6300 · Contractors,BA-15471626,Active
VEN-1771,Mosswell Supply,2023-07-04,6600 · Marketing,BA-95421131,Active
VEN-1772,Mosswell Supply Co,2023-02-12,6600 · Marketing,BA-21038203,Active
VEN-1773,Mosswell Trade Ltd,2021-09-07,6300 · Contractors,BA-52107570,Active
VEN-1774,Mosswell Traders,2021-07-26,6710 · Equipment,BA-78649916,Active
VEN-1775,Mosswell Vendors,2023-09-18,6710 · Equipment,BA-17283315,Active
VEN-1776,Mosswell Ventures,2021-06-04,6000 · Office,BA-77635542,Active
VEN-1777,Nightingale & Finch,2022-11-02,6800 · Events,BA-97610038,Active
VEN-1778,Nightingale & Sons,2021-04-04,6300 · Contractors,BA-28278537,Active
VEN-1779,Nightingale Advisory,2023-06-27,6600 · Marketing,BA-18909462,Active
VEN-1780,Nightingale Co,2021-11-07,6710 · Equipment,BA-24708658,Active
VEN-1781,Nightingale Consulting,2023-05-09,6400 · Travel,BA-27665398,Active
VEN-1782,Nightingale Contractors,2022-03-14,6210 · Software,BA-48638813,Active
VEN-1783,Nightingale Distribution,2021-04-06,6100 · Facilities,BA-32160892,Active
VEN-1784,Nightingale Group,2021-07-23,6400 · Travel,BA-39679134,Active
VEN-1785,Nightingale Holdings,2023-10-31,6600 · Marketing,BA-57096651,Active
VEN-1786,Nightingale Logistics,2021-12-11,6100 · Facilities,BA-43852498,Active
VEN-1787,Nightingale Materials,2023-04-19,6800 · Events,BA-53464935,Active
VEN-1788,Nightingale Partners,2022-03-07,6710 · Equipment,BA-46908880,Active
VEN-1789,Nightingale Solutions,2021-03-02,6210 · Software,BA-71257352,Active
VEN-1790,Nightingale Supply,2023-06-01,6600 · Marketing,BA-44112965,Active
VEN-1791,Nightingale Supply Co,2022-04-04,6400 · Travel,BA-74438948,Active
VEN-1792,Nightingale Trade Ltd,2022-12-05,6600 · Marketing,BA-89441831,Active
VEN-1793,Nightingale Traders,2022-12-02,6500 · Professional,BA-92660167,Active
VEN-1794,Nightingale Vendors,2022-04-25,6710 · Equipment,BA-41863178,Active
VEN-1795,Nightingale Ventures,2022-09-01,6800 · Events,BA-59964824,Active
VEN-1796,Nimbus Field Supply,2024-10-30,6300 · Contractors,BA-36701563,Active
VEN-1797,Northfield & Finch,2023-06-07,6000 · Office,BA-64152216,Active
VEN-1798,Northfield & Sons,2023-02-06,6500 · Professional,BA-95439217,Active
VEN-1799,Northfield Advisory,2022-12-11,6710 · Equipment,BA-53999836,Active
VEN-1800,Northfield Co,2022-07-31,6100 · Facilities,BA-32648173,Active
VEN-1801,Northfield Consulting,2021-07-02,6710 · Equipment,BA-45479229,Active
VEN-1802,Northfield Contractors,2023-06-26,6300 · Contractors,BA-81232198,Active
VEN-1803,Northfield Distribution,2023-09-09,6210 · Software,BA-95405246,Active
VEN-1804,Northfield Group,2021-04-13,6000 · Office,BA-58288736,Active
VEN-1805,Northfield Holdings,2021-01-27,6300 · Contractors,BA-70805810,Active
VEN-1806,Northfield Logistics,2022-01-06,6000 · Office,BA-79988171,Active
VEN-1807,Northfield Materials,2021-11-28,6900 · Miscellaneous,BA-24040355,Active
VEN-1808,Northfield Partners,2023-02-03,6600 · Marketing,BA-81900607,Active
VEN-1809,Northfield Services,2021-11-06,6900 · Miscellaneous,BA-62916199,Active
VEN-1810,Northfield Solutions,2021-06-25,6600 · Marketing,BA-59857352,Active
VEN-1811,Northfield Supply,2022-11-19,6000 · Office,BA-60430939,Active
VEN-1812,Northfield Supply Co,2022-11-05,6710 · Equipment,BA-87492016,Active
VEN-1813,Northfield Trade Ltd,2023-01-17,6900 · Miscellaneous,BA-58352122,Active
VEN-1814,Northfield Traders,2022-11-25,6210 · Software,BA-20923381,Active
VEN-1815,Northfield Vendors,2022-07-25,6100 · Facilities,BA-40876426,Active
VEN-1816,Northfield Ventures,2023-02-27,6210 · Software,BA-92594052,Active
VEN-1817,Northstar Facilities,2021-05-18,6100 · Facilities,BA-16481569,Active
VEN-1818,Northwind Travel Co,2022-08-20,6400 · Travel,BA-79270678,Active
VEN-1819,Norwich Bay & Finch,2022-10-23,6500 · Professional,BA-51617218,Active
VEN-1820,Norwich Bay & Sons,2021-11-11,6300 · Contractors,BA-88634183,Active
VEN-1821,Norwich Bay Advisory,2021-08-21,6600 · Marketing,BA-51963013,Active
VEN-1822,Norwich Bay Co,2021-09-05,6600 · Marketing,BA-10240379,Active
VEN-1823,Norwich Bay Consulting,2021-05-21,6500 · Professional,BA-14535640,Active
VEN-1824,Norwich Bay Contractors,2022-12-17,6710 · Equipment,BA-30047398,Active
VEN-1825,Norwich Bay Distribution,2022-09-01,6710 · Equipment,BA-92685106,Active
VEN-1826,Norwich Bay Group,2022-04-04,6800 · Events,BA-68013314,Active
VEN-1827,Norwich Bay Holdings,2023-01-09,6210 · Software,BA-78810474,Active
VEN-1828,Norwich Bay Logistics,2022-08-11,6100 · Facilities,BA-16412435,Active
VEN-1829,Norwich Bay Materials,2023-05-10,6100 · Facilities,BA-75551200,Active
VEN-1830,Norwich Bay Partners,2023-01-22,6800 · Events,BA-92210966,Active
VEN-1831,Norwich Bay Services,2021-10-20,6400 · Travel,BA-16118140,Active
VEN-1832,Norwich Bay Solutions,2023-07-26,6100 · Facilities,BA-17300509,Active
VEN-1833,Norwich Bay Supply,2023-09-26,6500 · Professional,BA-86117714,Active
VEN-1834,Norwich Bay Supply Co,2022-07-02,6000 · Office,BA-50767129,Active
VEN-1835,Norwich Bay Trade Ltd,2024-02-26,6100 · Facilities,BA-80207784,Active
VEN-1836,Norwich Bay Traders,2022-07-07,6710 · Equipment,BA-81687448,Active
VEN-1837,Norwich Bay Vendors,2022-11-13,6000 · Office,BA-65463927,Active
VEN-1838,Norwich Bay Ventures,2022-03-08,6900 · Miscellaneous,BA-50420337,Active
VEN-1839,Oakhaven & Finch,2021-12-01,6710 · Equipment,BA-27948495,Active
VEN-1840,Oakhaven & Sons,2023-01-10,6100 · Facilities,BA-59155166,Active
VEN-1841,Oakhaven Advisory,2022-01-15,6600 · Marketing,BA-73740242,Active
VEN-1842,Oakhaven Co,2023-03-10,6800 · Events,BA-28085664,Active
VEN-1843,Oakhaven Consulting,2023-07-31,6100 · Facilities,BA-42693863,Active
VEN-1844,Oakhaven Contractors,2021-09-24,6800 · Events,BA-30040462,Active
VEN-1845,Oakhaven Distribution,2022-04-09,6100 · Facilities,BA-22858685,Active
VEN-1846,Oakhaven Group,2023-04-18,6300 · Contractors,BA-95659109,Active
VEN-1847,Oakhaven Holdings,2023-02-10,6600 · Marketing,BA-99318208,Active
VEN-1848,Oakhaven Logistics,2021-06-04,6710 · Equipment,BA-46206593,Active
VEN-1849,Oakhaven Materials,2022-07-05,6000 · Office,BA-45465670,Active
VEN-1850,Oakhaven Partners,2023-06-22,6210 · Software,BA-17533716,Active
VEN-1851,Oakhaven Services,2022-01-22,6000 · Office,BA-85474812,Active
VEN-1852,Oakhaven Solutions,2022-09-07,6600 · Marketing,BA-89822539,Active
VEN-1853,Oakhaven Supply,2021-10-05,6600 · Marketing,BA-87641264,Active
VEN-1854,Oakhaven Supply Co,2022-04-12,6710 · Equipment,BA-90783162,Active
VEN-1855,Oakhaven Trade Ltd,2022-01-30,6100 · Facilities,BA-76149430,Active
VEN-1856,Oakhaven Traders,2022-11-11,6210 · Software,BA-32159234,Active
VEN-1857,Oakhaven Vendors,2023-07-30,6600 · Marketing,BA-15905846,Active
VEN-1858,Oakhaven Ventures,2023-04-20,6000 · Office,BA-81340400,Active
VEN-1859,Oldbridge & Finch,2023-11-08,6210 · Software,BA-64490884,Active
VEN-1860,Oldbridge & Sons,2023-02-26,6000 · Office,BA-41899367,Active
VEN-1861,Oldbridge Advisory,2023-04-08,6800 · Events,BA-17835520,Active
VEN-1862,Oldbridge Co,2021-08-27,6900 · Miscellaneous,BA-24081833,Active
VEN-1863,Oldbridge Consulting,2023-06-21,6300 · Contractors,BA-92227093,Active
VEN-1864,Oldbridge Contractors,2022-09-06,6600 · Marketing,BA-98154191,Active
VEN-1865,Oldbridge Distribution,2023-02-08,6000 · Office,BA-29094692,Active
VEN-1866,Oldbridge Group,2022-06-27,6300 · Contractors,BA-36778888,Active
VEN-1867,Oldbridge Holdings,2022-03-27,6900 · Miscellaneous,BA-91615514,Active
VEN-1868,Oldbridge Logistics,2021-08-29,6900 · Miscellaneous,BA-78041437,Active
VEN-1869,Oldbridge Materials,2021-12-05,6210 · Software,BA-96110063,Active
VEN-1870,Oldbridge Partners,2022-06-01,6800 · Events,BA-92300116,Active
VEN-1871,Oldbridge Services,2023-04-24,6210 · Software,BA-78259917,Active
VEN-1872,Oldbridge Solutions,2022-10-05,6000 · Office,BA-18558687,Active
VEN-1873,Oldbridge Supply,2022-11-25,6900 · Miscellaneous,BA-94015441,Active
VEN-1874,Oldbridge Supply Co,2023-05-15,6400 · Travel,BA-74146043,Active
VEN-1875,Oldbridge Trade Ltd,2021-08-26,6900 · Miscellaneous,BA-82263676,Active
VEN-1876,Oldbridge Traders,2023-07-16,6210 · Software,BA-60352953,Active
VEN-1877,Oldbridge Vendors,2021-02-26,6400 · Travel,BA-68605830,Active
VEN-1878,Oldbridge Ventures,2021-08-08,6000 · Office,BA-72446885,Active
VEN-1879,Overhill & Finch,2023-07-31,6710 · Equipment,BA-97983916,Active
VEN-1880,Overhill & Sons,2022-05-19,6600 · Marketing,BA-33540679,Active
VEN-1881,Overhill Advisory,2022-12-15,6000 · Office,BA-24130669,Active
VEN-1882,Overhill Co,2022-10-27,6500 · Professional,BA-41178333,Active
VEN-1883,Overhill Consulting,2022-02-09,6400 · Travel,BA-15210005,Active
VEN-1884,Overhill Contractors,2023-02-11,6600 · Marketing,BA-55032202,Active
VEN-1885,Overhill Distribution,2021-05-10,6100 · Facilities,BA-45339330,Active
VEN-1886,Overhill Group,2021-07-29,6900 · Miscellaneous,BA-17050844,Active
VEN-1887,Overhill Holdings,2023-02-06,6300 · Contractors,BA-95344481,Active
VEN-1888,Overhill Logistics,2022-05-26,6900 · Miscellaneous,BA-68526005,Active
VEN-1889,Overhill Materials,2021-07-30,6900 · Miscellaneous,BA-80228705,Active
VEN-1890,Overhill Partners,2022-10-25,6900 · Miscellaneous,BA-49677040,Active
VEN-1891,Overhill Services,2022-02-08,6800 · Events,BA-39124647,Active
VEN-1892,Overhill Solutions,2023-04-12,6800 · Events,BA-78105910,Active
VEN-1893,Overhill Supply,2023-09-17,6800 · Events,BA-32786087,Active
VEN-1894,Overhill Supply Co,2023-02-27,6800 · Events,BA-41690052,Active
VEN-1895,Overhill Trade Ltd,2021-05-13,6000 · Office,BA-37216185,Active
VEN-1896,Overhill Traders,2023-02-23,6600 · Marketing,BA-53871936,Active
VEN-1897,Overhill Vendors,2023-01-26,6400 · Travel,BA-62171394,Active
VEN-1898,Overland Logistics,2022-08-13,6000 · Office,BA-90695848,Active
VEN-1899,Paper Kite Supply,2022-10-18,6000 · Office,BA-60928773,Active
VEN-1900,Parkfield & Finch,2021-02-17,6800 · Events,BA-94650589,Active
VEN-1901,Parkfield & Sons,2022-01-06,6800 · Events,BA-99286495,Active
VEN-1902,Parkfield Advisory,2021-05-29,6100 · Facilities,BA-81988473,Active
VEN-1903,Parkfield Co,2022-05-29,6710 · Equipment,BA-73369627,Active
VEN-1904,Parkfield Consulting,2021-04-03,6210 · Software,BA-81218380,Active
VEN-1905,Parkfield Contractors,2021-07-09,6000 · Office,BA-10856538,Active
VEN-1906,Parkfield Distribution,2021-02-05,6100 · Facilities,BA-13559020,Active
VEN-1907,Parkfield Group,2022-04-10,6710 · Equipment,BA-41383927,Active
VEN-1908,Parkfield Holdings,2021-12-31,6800 · Events,BA-51305617,Active
VEN-1909,Parkfield Logistics,2021-10-22,6300 · Contractors,BA-38449609,Active
VEN-1910,Parkfield Materials,2022-09-07,6800 · Events,BA-93566919,Active
VEN-1911,Parkfield Partners,2022-01-25,6900 · Miscellaneous,BA-20442454,Active
VEN-1912,Parkfield Services,2022-05-02,6300 · Contractors,BA-33024522,Active
VEN-1913,Parkfield Solutions,2023-02-03,6000 · Office,BA-14417590,Active
VEN-1914,Parkfield Supply,2023-06-17,6800 · Events,BA-25018030,Active
VEN-1915,Parkfield Supply Co,2023-03-26,6210 · Software,BA-93479287,Active
VEN-1916,Parkfield Trade Ltd,2023-07-25,6210 · Software,BA-56286819,Active
VEN-1917,Parkfield Traders,2023-02-12,6100 · Facilities,BA-13856428,Active
VEN-1918,Parkfield Vendors,2023-05-17,6210 · Software,BA-15590093,Active
VEN-1919,Parkfield Ventures,2023-03-17,6400 · Travel,BA-96375111,Active
VEN-1920,Pemberton & Finch,2022-01-15,6600 · Marketing,BA-15723892,Active
VEN-1921,Pemberton & Sons,2021-07-31,6400 · Travel,BA-19103678,Active
VEN-1922,Pemberton Advisory,2021-08-21,6710 · Equipment,BA-16266501,Active
VEN-1923,Pemberton Co,2023-07-20,6000 · Office,BA-89251917,Active
VEN-1924,Pemberton Consulting,2021-09-03,6710 · Equipment,BA-58775543,Active
VEN-1925,Pemberton Contractors,2022-12-01,6710 · Equipment,BA-81658059,Active
VEN-1926,Pemberton Distribution,2021-10-14,6000 · Office,BA-18851446,Active
VEN-1927,Pemberton Group,2021-01-17,6600 · Marketing,BA-61518491,Active
VEN-1928,Pemberton Holdings,2023-07-04,6100 · Facilities,BA-43095058,Active
VEN-1929,Pemberton Logistics,2022-11-17,6300 · Contractors,BA-37267733,Active
VEN-1930,Pemberton Materials,2023-04-14,6900 · Miscellaneous,BA-14544696,Active
VEN-1931,Pemberton Partners,2023-09-17,6400 · Travel,BA-95117226,Active
VEN-1932,Pemberton Services,2023-12-02,6500 · Professional,BA-94763393,Active
VEN-1933,Pemberton Solutions,2021-11-10,6500 · Professional,BA-48569489,Active
VEN-1934,Pemberton Supply,2022-03-30,6000 · Office,BA-23405276,Active
VEN-1935,Pemberton Trade Ltd,2023-05-16,6500 · Professional,BA-23134790,Active
VEN-1936,Pemberton Traders,2021-06-16,6000 · Office,BA-96747628,Active
VEN-1937,Pemberton Vendors,2022-12-18,6210 · Software,BA-49521671,Active
VEN-1938,Pemberton Ventures,2022-10-19,6210 · Software,BA-55166387,Active
VEN-1939,Pine & Rail Travel,2022-04-08,6400 · Travel,BA-45052250,Active
VEN-1940,Pinecrest Office Rentals,2023-10-10,6100 · Facilities,BA-57097108,Active
VEN-1941,Pinehollow & Finch,2022-11-09,6710 · Equipment,BA-47929020,Active
VEN-1942,Pinehollow & Sons,2023-09-15,6800 · Events,BA-59395387,Active
VEN-1943,Pinehollow Advisory,2022-09-20,6500 · Professional,BA-90800195,Active
VEN-1944,Pinehollow Co,2022-11-07,6210 · Software,BA-73898748,Active
VEN-1945,Pinehollow Consulting,2021-02-24,6210 · Software,BA-48607563,Active
VEN-1946,Pinehollow Contractors,2022-04-12,6500 · Professional,BA-14158247,Active
VEN-1947,Pinehollow Distribution,2021-03-30,6000 · Office,BA-65421310,Active
VEN-1948,Pinehollow Group,2023-07-24,6600 · Marketing,BA-68579271,Active
VEN-1949,Pinehollow Holdings,2022-01-25,6100 · Facilities,BA-23193537,Active
VEN-1950,Pinehollow Logistics,2022-07-25,6710 · Equipment,BA-72940285,Active
VEN-1951,Pinehollow Materials,2021-07-09,6210 · Software,BA-16458167,Active
VEN-1952,Pinehollow Partners,2022-03-13,6100 · Facilities,BA-85980310,Active
VEN-1953,Pinehollow Services,2022-11-29,6500 · Professional,BA-22198987,Active
VEN-1954,Pinehollow Solutions,2022-02-21,6400 · Travel,BA-48535209,Active
VEN-1955,Pinehollow Supply,2022-12-24,6400 · Travel,BA-68526645,Active
VEN-1956,Pinehollow Supply Co,2023-07-20,6900 · Miscellaneous,BA-80270461,Active
VEN-1957,Pinehollow Trade Ltd,2023-01-11,6800 · Events,BA-48699623,Active
VEN-1958,Pinehollow Traders,2021-06-10,6710 · Equipment,BA-17242994,Active
VEN-1959,Pinehollow Vendors,2023-06-19,6210 · Software,BA-56681418,Active
VEN-1960,Pinehollow Ventures,2022-02-08,6600 · Marketing,BA-22843161,Active
VEN-1961,Quarryfield & Finch,2022-03-07,6100 · Facilities,BA-34765747,Active
VEN-1962,Quarryfield & Sons,2022-09-10,6900 · Miscellaneous,BA-89531364,Active
VEN-1963,Quarryfield Advisory,2022-08-27,6600 · Marketing,BA-79140956,Active
VEN-1964,Quarryfield Co,2022-10-14,6710 · Equipment,BA-87578838,Active
VEN-1965,Quarryfield Consulting,2023-01-21,6500 · Professional,BA-48081562,Active
VEN-1966,Quarryfield Contractors,2021-07-02,6000 · Office,BA-38818470,Active
VEN-1967,Quarryfield Distribution,2021-06-30,6400 · Travel,BA-41075102,Active
VEN-1968,Quarryfield Group,2022-04-25,6900 · Miscellaneous,BA-32252095,Active
VEN-1969,Quarryfield Logistics,2023-06-01,6400 · Travel,BA-95433834,Active
VEN-1970,Quarryfield Materials,2021-04-25,6000 · Office,BA-20855878,Active
VEN-1971,Quarryfield Partners,2022-03-05,6300 · Contractors,BA-85330322,Active
VEN-1972,Quarryfield Services,2021-04-11,6300 · Contractors,BA-24033524,Active
VEN-1973,Quarryfield Solutions,2022-03-14,6500 · Professional,BA-53841444,Active
VEN-1974,Quarryfield Supply,2022-08-25,6500 · Professional,BA-22770611,Active
VEN-1975,Quarryfield Trade Ltd,2022-12-05,6900 · Miscellaneous,BA-62962242,Active
VEN-1976,Quarryfield Traders,2021-05-24,6800 · Events,BA-21565931,Active
VEN-1977,Quarryfield Vendors,2022-08-29,6400 · Travel,BA-96686222,Active
VEN-1978,Quarryfield Ventures,2023-09-25,6800 · Events,BA-59922283,Active
VEN-1979,Quartz Ridge Contractors,2023-04-12,6000 · Office,BA-50686900,Active
VEN-1980,Ravenscroft Advisory,2024-11-19,6300 · Contractors,BA-67453355,Active
VEN-1981,Redwood Insurance Brokers,2021-12-11,6500 · Professional,BA-77268607,Active
VEN-1982,Ridgeline Photography,2023-02-09,6800 · Events,BA-60909474,Active
VEN-1983,Ridgemont & Finch,2021-12-15,6900 · Miscellaneous,BA-41349982,Active
VEN-1984,Ridgemont & Sons,2022-07-13,6710 · Equipment,BA-27029615,Active
VEN-1985,Ridgemont Advisory,2022-01-01,6300 · Contractors,BA-89737187,Active
VEN-1986,Ridgemont Co,2021-05-20,6000 · Office,BA-91248554,Active
VEN-1987,Ridgemont Consulting,2021-08-25,6100 · Facilities,BA-14547848,Active
VEN-1988,Ridgemont Contractors,2022-07-08,6100 · Facilities,BA-88058491,Active
VEN-1989,Ridgemont Distribution,2022-09-14,6400 · Travel,BA-80025708,Active
VEN-1990,Ridgemont Group,2023-03-07,6400 · Travel,BA-70439125,Active
VEN-1991,Ridgemont Holdings,2021-08-10,6400 · Travel,BA-84321185,Active
VEN-1992,Ridgemont Logistics,2021-07-30,6500 · Professional,BA-53397143,Active
VEN-1993,Ridgemont Materials,2023-01-30,6400 · Travel,BA-72163898,Active
VEN-1994,Ridgemont Partners,2022-06-26,6300 · Contractors,BA-44522530,Active
VEN-1995,Ridgemont Services,2022-02-13,6100 · Facilities,BA-41007578,Active
VEN-1996,Ridgemont Solutions,2023-03-10,6710 · Equipment,BA-54835935,Active
VEN-1997,Ridgemont Supply,2022-03-29,6900 · Miscellaneous,BA-96261858,Active
VEN-1998,Ridgemont Supply Co,2021-07-30,6400 · Travel,BA-41935821,Active
VEN-1999,Ridgemont Trade Ltd,2022-01-22,6400 · Travel,BA-35712599,Active
VEN-2000,Ridgemont Traders,2023-01-15,6710 · Equipment,BA-50467677,Active
VEN-2001,Ridgemont Vendors,2021-07-06,6100 · Facilities,BA-92856959,Active
VEN-2002,Ridgemont Ventures,2023-05-21,6900 · Miscellaneous,BA-30936048,Active
VEN-2003,Rushmere & Finch,2022-11-26,6800 · Events,BA-53830486,Active
VEN-2004,Rushmere Advisory,2021-10-09,6000 · Office,BA-80085646,Active
VEN-2005,Rushmere Co,2022-08-21,6000 · Office,BA-31598901,Active
VEN-2006,Rushmere Consulting,2023-05-16,6500 · Professional,BA-54033490,Active
VEN-2007,Rushmere Contractors,2023-01-05,6100 · Facilities,BA-90068835,Active
VEN-2008,Rushmere Distribution,2021-07-14,6300 · Contractors,BA-23664246,Active
VEN-2009,Rushmere Group,2023-01-12,6000 · Office,BA-98301822,Active
VEN-2010,Rushmere Holdings,2023-04-17,6710 · Equipment,BA-36230445,Active
VEN-2011,Rushmere Logistics,2022-08-26,6210 · Software,BA-30261520,Active
VEN-2012,Rushmere Materials,2023-04-18,6600 · Marketing,BA-50547885,Active
VEN-2013,Rushmere Partners,2021-07-10,6210 · Software,BA-49916943,Active
VEN-2014,Rushmere Services,2022-05-01,6210 · Software,BA-46751573,Active
VEN-2015,Rushmere Solutions,2022-11-30,6400 · Travel,BA-24667188,Active
VEN-2016,Rushmere Supply,2021-11-12,6900 · Miscellaneous,BA-24343810,Active
VEN-2017,Rushmere Supply Co,2023-06-12,6000 · Office,BA-37708439,Active
VEN-2018,Rushmere Trade Ltd,2022-07-11,6500 · Professional,BA-72265799,Active
VEN-2019,Rushmere Traders,2023-10-16,6800 · Events,BA-11693465,Active
VEN-2020,Rushmere Vendors,2022-10-19,6800 · Events,BA-68589803,Active
VEN-2021,Rushmere Ventures,2022-03-17,6710 · Equipment,BA-39857025,Active
VEN-2022,Silverlake & Finch,2022-06-16,6500 · Professional,BA-94876303,Active
VEN-2023,Silverlake & Sons,2023-03-31,6710 · Equipment,BA-72180288,Active
VEN-2024,Silverlake Advisory,2023-07-05,6210 · Software,BA-29033755,Active
VEN-2025,Silverlake Co,2023-01-16,6500 · Professional,BA-91028420,Active
VEN-2026,Silverlake Consulting,2021-07-02,6000 · Office,BA-64319709,Active
VEN-2027,Silverlake Contractors,2023-08-12,6100 · Facilities,BA-42518840,Active
VEN-2028,Silverlake Distribution,2021-05-31,6000 · Office,BA-67717430,Active
VEN-2029,Silverlake Group,2021-09-02,6100 · Facilities,BA-87038027,Active
VEN-2030,Silverlake Holdings,2021-10-30,6600 · Marketing,BA-96865861,Active
VEN-2031,Silverlake Logistics,2022-05-08,6100 · Facilities,BA-40677423,Active
VEN-2032,Silverlake Materials,2021-09-28,6500 · Professional,BA-97575082,Active
VEN-2033,Silverlake Partners,2021-01-12,6500 · Professional,BA-96126488,Active
VEN-2034,Silverlake Services,2021-10-05,6900 · Miscellaneous,BA-88351121,Active
VEN-2035,Silverlake Solutions,2021-03-29,6400 · Travel,BA-40682998,Active
VEN-2036,Silverlake Supply,2022-02-12,6600 · Marketing,BA-34361182,Active
VEN-2037,Silverlake Supply Co,2021-09-05,6100 · Facilities,BA-26671921,Active
VEN-2038,Silverlake Trade Ltd,2022-03-12,6100 · Facilities,BA-68053039,Active
VEN-2039,Silverlake Traders,2022-10-01,6400 · Travel,BA-44870850,Active
VEN-2040,Silverlake Vendors,2021-12-20,6400 · Travel,BA-23135460,Active
VEN-2041,Silverlake Ventures,2022-06-14,6300 · Contractors,BA-42533856,Active
VEN-2042,Slate & Vine Events,2024-10-03,6300 · Contractors,BA-94505455,Active
VEN-2043,Solmar Consulting,2024-11-27,6500 · Professional,BA-43562617,Active
VEN-2044,Stonebridge & Finch,2021-07-08,6210 · Software,BA-66851924,Active
VEN-2045,Stonebridge & Sons,2022-08-03,6300 · Contractors,BA-71095168,Active
VEN-2046,Stonebridge Advisory,2023-09-29,6900 · Miscellaneous,BA-93425548,Active
VEN-2047,Stonebridge Co,2021-02-25,6000 · Office,BA-64941311,Active
VEN-2048,Stonebridge Consulting,2022-04-30,6800 · Events,BA-98731771,Active
VEN-2049,Stonebridge Contractors,2021-04-01,6300 · Contractors,BA-34570175,Active
VEN-2050,Stonebridge Distribution,2021-08-29,6400 · Travel,BA-54030605,Active
VEN-2051,Stonebridge Group,2022-01-05,6100 · Facilities,BA-11427017,Active
VEN-2052,Stonebridge Holdings,2022-05-27,6900 · Miscellaneous,BA-75745233,Active
VEN-2053,Stonebridge Logistics,2023-08-08,6210 · Software,BA-15119806,Active
VEN-2054,Stonebridge Materials,2023-01-11,6500 · Professional,BA-82928533,Active
VEN-2055,Stonebridge Partners,2022-12-30,6100 · Facilities,BA-31587929,Active
VEN-2056,Stonebridge Services,2021-07-12,6600 · Marketing,BA-36818248,Active
VEN-2057,Stonebridge Solutions,2022-04-04,6900 · Miscellaneous,BA-56735618,Active
VEN-2058,Stonebridge Supply,2023-05-28,6210 · Software,BA-87116204,Active
VEN-2059,Stonebridge Supply Co,2022-03-05,6710 · Equipment,BA-82616531,Active
VEN-2060,Stonebridge Trade Ltd,2023-01-23,6600 · Marketing,BA-73852141,Active
VEN-2061,Stonebridge Traders,2022-01-10,6900 · Miscellaneous,BA-12161771,Active
VEN-2062,Stonebridge Vendors,2021-11-12,6710 · Equipment,BA-59649003,Active
VEN-2063,Stonebridge Ventures,2022-01-21,6600 · Marketing,BA-56016792,Active
VEN-2064,Summit Payroll Services,2022-05-26,6500 · Professional,BA-71325367,Active
VEN-2065,Thistle & Co Design,2022-11-13,6900 · Miscellaneous,BA-34669572,Active
VEN-2066,Thistlebrook Logistics,2024-12-13,6900 · Miscellaneous,BA-78960007,Active
VEN-2067,Thistlecombe Equipment,2021-12-08,6300 · Contractors,BA-26427528,Active
VEN-2068,Thornleigh & Finch,2021-07-25,6600 · Marketing,BA-92409992,Active
VEN-2069,Thornleigh & Sons,2022-06-24,6300 · Contractors,BA-95573037,Active
VEN-2070,Thornleigh Advisory,2023-07-27,6000 · Office,BA-43884301,Active
VEN-2071,Thornleigh Co,2022-10-07,6710 · Equipment,BA-61249253,Active
VEN-2072,Thornleigh Consulting,2022-11-28,6300 · Contractors,BA-18254904,Active
VEN-2073,Thornleigh Contractors,2023-07-09,6600 · Marketing,BA-20091154,Active
VEN-2074,Thornleigh Distribution,2022-11-02,6800 · Events,BA-66444871,Active
VEN-2075,Thornleigh Group,2021-10-02,6800 · Events,BA-57261417,Active
VEN-2076,Thornleigh Holdings,2022-06-14,6400 · Travel,BA-45588834,Active
VEN-2077,Thornleigh Logistics,2023-05-08,6800 · Events,BA-40122122,Active
VEN-2078,Thornleigh Materials,2022-10-08,6500 · Professional,BA-63751205,Active
VEN-2079,Thornleigh Partners,2022-01-03,6600 · Marketing,BA-39382030,Active
VEN-2080,Thornleigh Services,2021-03-24,6800 · Events,BA-62608350,Active
VEN-2081,Thornleigh Solutions,2022-04-11,6500 · Professional,BA-38455873,Active
VEN-2082,Thornleigh Supply,2023-01-02,6600 · Marketing,BA-27354242,Active
VEN-2083,Thornleigh Supply Co,2021-08-11,6900 · Miscellaneous,BA-19246924,Active
VEN-2084,Thornleigh Trade Ltd,2021-04-19,6800 · Events,BA-95134096,Active
VEN-2085,Thornleigh Traders,2023-02-05,6100 · Facilities,BA-72969404,Active
VEN-2086,Thornleigh Vendors,2021-11-05,6710 · Equipment,BA-85437599,Active
VEN-2087,Thornleigh Ventures,2021-06-23,6210 · Software,BA-40331435,Active
VEN-2088,Timberline & Finch,2021-03-07,6300 · Contractors,BA-29631149,Active
VEN-2089,Timberline & Sons,2022-06-28,6710 · Equipment,BA-99394078,Active
VEN-2090,Timberline Advisory,2021-09-20,6800 · Events,BA-65470372,Active
VEN-2091,Timberline Co,2022-06-23,6100 · Facilities,BA-49505957,Active
VEN-2092,Timberline Consulting,2021-07-08,6400 · Travel,BA-83587246,Active
VEN-2093,Timberline Contractors,2022-03-03,6600 · Marketing,BA-26799506,Active
VEN-2094,Timberline Distribution,2021-05-03,6500 · Professional,BA-73002019,Active
VEN-2095,Timberline Group,2022-08-30,6100 · Facilities,BA-40931003,Active
VEN-2096,Timberline Holdings,2023-01-21,6900 · Miscellaneous,BA-60485796,Active
VEN-2097,Timberline Logistics,2021-07-13,6300 · Contractors,BA-44030791,Active
VEN-2098,Timberline Materials,2022-05-03,6800 · Events,BA-34949696,Active
VEN-2099,Timberline Partners,2022-03-21,6000 · Office,BA-10361723,Active
VEN-2100,Timberline Services,2021-10-17,6900 · Miscellaneous,BA-47743594,Active
VEN-2101,Timberline Solutions,2022-07-02,6000 · Office,BA-42878944,Active
VEN-2102,Timberline Supply,2021-08-16,6800 · Events,BA-50509631,Active
VEN-2103,Timberline Supply Co,2022-09-13,6300 · Contractors,BA-74364119,Active
VEN-2104,Timberline Trade Ltd,2022-02-14,6500 · Professional,BA-67511393,Active
VEN-2105,Timberline Traders,2021-09-19,6800 · Events,BA-95537118,Active
VEN-2106,Timberline Vendors,2023-06-15,6000 · Office,BA-98484973,Active
VEN-2107,Timberline Ventures,2022-08-14,6300 · Contractors,BA-30502182,Active
VEN-2108,Trailhead Print & Sign,2022-12-23,6900 · Miscellaneous,BA-61688682,Active
VEN-2109,Underbrook & Finch,2023-05-25,6800 · Events,BA-21446078,Active
VEN-2110,Underbrook & Sons,2022-01-01,6100 · Facilities,BA-85777892,Active
VEN-2111,Underbrook Advisory,2022-09-19,6710 · Equipment,BA-28844398,Active
VEN-2112,Underbrook Co,2022-01-27,6100 · Facilities,BA-56325277,Active
VEN-2113,Underbrook Consulting,2021-09-14,6710 · Equipment,BA-88175833,Active
VEN-2114,Underbrook Contractors,2023-07-13,6100 · Facilities,BA-98221745,Active
VEN-2115,Underbrook Distribution,2023-06-05,6900 · Miscellaneous,BA-38152097,Active
VEN-2116,Underbrook Group,2023-09-18,6800 · Events,BA-98041023,Active
VEN-2117,Underbrook Holdings,2022-10-21,6000 · Office,BA-43557996,Active
VEN-2118,Underbrook Logistics,2022-04-23,6300 · Contractors,BA-23624701,Active
VEN-2119,Underbrook Materials,2022-01-02,6800 · Events,BA-29157238,Active
VEN-2120,Underbrook Partners,2021-01-23,6400 · Travel,BA-41358823,Active
VEN-2121,Underbrook Services,2023-01-12,6710 · Equipment,BA-70661014,Active
VEN-2122,Underbrook Solutions,2022-10-27,6100 · Facilities,BA-30491276,Active
VEN-2123,Underbrook Supply,2022-12-07,6900 · Miscellaneous,BA-64020531,Active
VEN-2124,Underbrook Trade Ltd,2021-04-19,6900 · Miscellaneous,BA-81742291,Active
VEN-2125,Underbrook Traders,2023-04-24,6710 · Equipment,BA-91807500,Active
VEN-2126,Underbrook Vendors,2021-08-19,6210 · Software,BA-91653655,Active
VEN-2127,Underbrook Ventures,2021-04-07,6100 · Facilities,BA-22134061,Active
VEN-2128,Underhill Legal Services,2022-03-31,6500 · Professional,BA-83618558,Active
VEN-2129,Union Hall Catering,2021-04-17,6800 · Events,BA-95442367,Active
VEN-2130,Ustane & Finch,2021-06-09,6900 · Miscellaneous,BA-49868539,Active
VEN-2131,Ustane & Sons,2022-12-23,6400 · Travel,BA-76365510,Active
VEN-2132,Ustane Advisory,2022-03-30,6400 · Travel,BA-38601901,Active
VEN-2133,Ustane Co,2022-02-24,6000 · Office,BA-20551530,Active
VEN-2134,Ustane Consulting,2021-07-21,6100 · Facilities,BA-68866038,Active
VEN-2135,Ustane Contractors,2021-08-01,6900 · Miscellaneous,BA-25700873,Active
VEN-2136,Ustane Distribution,2022-01-29,6900 · Miscellaneous,BA-25894409,Active
VEN-2137,Ustane Group,2022-12-20,6800 · Events,BA-66242348,Active
VEN-2138,Ustane Holdings,2022-11-02,6100 · Facilities,BA-28701665,Active
VEN-2139,Ustane Logistics,2022-06-11,6500 · Professional,BA-76179637,Active
VEN-2140,Ustane Materials,2022-04-28,6300 · Contractors,BA-17845626,Active
VEN-2141,Ustane Partners,2022-02-08,6300 · Contractors,BA-72692316,Active
VEN-2142,Ustane Services,2023-06-22,6600 · Marketing,BA-75950864,Active
VEN-2143,Ustane Solutions,2022-12-30,6500 · Professional,BA-76864005,Active
VEN-2144,Ustane Supply,2023-02-27,6400 · Travel,BA-82416196,Active
VEN-2145,Ustane Supply Co,2022-01-31,6900 · Miscellaneous,BA-10886747,Active
VEN-2146,Ustane Trade Ltd,2023-07-07,6400 · Travel,BA-53041479,Active
VEN-2147,Ustane Traders,2022-03-07,6210 · Software,BA-85506730,Active
VEN-2148,Ustane Vendors,2022-01-31,6400 · Travel,BA-99295127,Active
VEN-2149,Ustane Ventures,2023-02-14,6100 · Facilities,BA-72513496,Active
VEN-2150,Valeworth & Finch,2022-06-08,6300 · Contractors,BA-67151806,Active
VEN-2151,Valeworth & Sons,2022-07-30,6000 · Office,BA-20119524,Active
VEN-2152,Valeworth Advisory,2023-04-05,6500 · Professional,BA-95502184,Active
VEN-2153,Valeworth Co,2023-02-11,6400 · Travel,BA-95379403,Active
VEN-2154,Valeworth Consulting,2021-11-24,6800 · Events,BA-13829167,Active
VEN-2155,Valeworth Contractors,2023-11-04,6500 · Professional,BA-91829239,Active
VEN-2156,Valeworth Distribution,2023-09-03,6000 · Office,BA-54353024,Active
VEN-2157,Valeworth Group,2021-03-17,6800 · Events,BA-22613208,Active
VEN-2158,Valeworth Holdings,2022-01-13,6600 · Marketing,BA-74984383,Active
VEN-2159,Valeworth Logistics,2022-03-11,6500 · Professional,BA-29393035,Active
VEN-2160,Valeworth Materials,2023-07-04,6600 · Marketing,BA-38636938,Active
VEN-2161,Valeworth Partners,2021-08-01,6710 · Equipment,BA-65779753,Active
VEN-2162,Valeworth Services,2021-11-01,6900 · Miscellaneous,BA-27032443,Active
VEN-2163,Valeworth Solutions,2022-09-30,6800 · Events,BA-22678919,Active
VEN-2164,Valeworth Supply,2021-05-13,6900 · Miscellaneous,BA-98452642,Active
VEN-2165,Valeworth Supply Co,2022-06-07,6710 · Equipment,BA-55810041,Active
VEN-2166,Valeworth Trade Ltd,2022-10-15,6210 · Software,BA-80536464,Active
VEN-2167,Valeworth Traders,2021-12-16,6400 · Travel,BA-38283069,Active
VEN-2168,Valeworth Vendors,2022-09-08,6710 · Equipment,BA-68410150,Active
VEN-2169,Valeworth Ventures,2022-12-24,6600 · Marketing,BA-66692038,Active
VEN-2170,Vela Printworks,2022-10-26,6900 · Miscellaneous,BA-84360327,Active
VEN-2171,Vinewood & Finch,2023-05-07,6600 · Marketing,BA-48808820,Active
VEN-2172,Vinewood & Sons,2022-11-20,6800 · Events,BA-57671253,Active
VEN-2173,Vinewood Advisory,2021-07-26,6900 · Miscellaneous,BA-76267357,Active
VEN-2174,Vinewood Co,2022-04-28,6600 · Marketing,BA-54791387,Active
VEN-2175,Vinewood Consulting,2022-03-15,6100 · Facilities,BA-46466681,Active
VEN-2176,Vinewood Contractors,2021-09-09,6100 · Facilities,BA-77971076,Active
VEN-2177,Vinewood Distribution,2023-02-20,6300 · Contractors,BA-37317535,Active
VEN-2178,Vinewood Group,2021-11-10,6000 · Office,BA-76061022,Active
VEN-2179,Vinewood Holdings,2021-09-19,6210 · Software,BA-25828058,Active
VEN-2180,Vinewood Logistics,2022-11-24,6600 · Marketing,BA-35811244,Active
VEN-2181,Vinewood Materials,2022-09-29,6100 · Facilities,BA-50160565,Active
VEN-2182,Vinewood Partners,2023-09-19,6600 · Marketing,BA-88712142,Active
VEN-2183,Vinewood Services,2022-01-15,6800 · Events,BA-21754281,Active
VEN-2184,Vinewood Solutions,2021-05-29,6600 · Marketing,BA-15375567,Active
VEN-2185,Vinewood Supply,2022-05-03,6900 · Miscellaneous,BA-84396090,Active
VEN-2186,Vinewood Supply Co,2022-09-17,6100 · Facilities,BA-83202498,Active
VEN-2187,Vinewood Trade Ltd,2022-04-10,6000 · Office,BA-16670565,Active
VEN-2188,Vinewood Traders,2022-05-11,6300 · Contractors,BA-50319864,Active
VEN-2189,Vinewood Vendors,2023-07-07,6710 · Equipment,BA-10833583,Active
VEN-2190,Vinewood Ventures,2023-09-12,6710 · Equipment,BA-35493421,Active
VEN-2191,Waypoint Consulting,2021-05-06,6300 · Contractors,BA-71510513,Active
VEN-2192,Westgate & Finch,2022-01-17,6900 · Miscellaneous,BA-98317305,Active
VEN-2193,Westgate & Sons,2023-04-23,6400 · Travel,BA-77221981,Active
VEN-2194,Westgate Advisory,2022-02-22,6600 · Marketing,BA-92106366,Active
VEN-2195,Westgate Co,2022-10-01,6210 · Software,BA-92771958,Active
VEN-2196,Westgate Consulting,2023-10-05,6000 · Office,BA-94129586,Active
VEN-2197,Westgate Contractors,2022-01-03,6800 · Events,BA-90035139,Active
VEN-2198,Westgate Distribution,2021-03-04,6710 · Equipment,BA-21140502,Active
VEN-2199,Westgate Group,2022-12-11,6300 · Contractors,BA-15298135,Active
VEN-2200,Westgate Holdings,2021-08-10,6000 · Office,BA-95039187,Active
VEN-2201,Westgate Logistics,2022-05-10,6600 · Marketing,BA-93923346,Active
VEN-2202,Westgate Materials,2021-12-08,6900 · Miscellaneous,BA-33341044,Active
VEN-2203,Westgate Partners,2023-04-09,6900 · Miscellaneous,BA-99069522,Active
VEN-2204,Westgate Services,2023-05-12,6900 · Miscellaneous,BA-14963055,Active
VEN-2205,Westgate Solutions,2022-05-03,6800 · Events,BA-23503073,Active
VEN-2206,Westgate Supply,2021-12-18,6800 · Events,BA-11802069,Active
VEN-2207,Westgate Supply Co,2022-07-22,6900 · Miscellaneous,BA-28615439,Active
VEN-2208,Westgate Trade Ltd,2021-04-02,6400 · Travel,BA-51519704,Active
VEN-2209,Westgate Traders,2021-12-05,6900 · Miscellaneous,BA-44628537,Active
VEN-2210,Westgate Vendors,2021-03-03,6500 · Professional,BA-50539173,Active
VEN-2211,Westgate Ventures,2023-04-30,6210 · Software,BA-66610985,Active
VEN-2212,Windmere Creative,2024-12-20,6100 · Facilities,BA-52745271,Active
VEN-2213,Wrenfield & Finch,2024-02-20,6600 · Marketing,BA-67804228,Active
VEN-2214,Wrenfield & Sons,2022-02-05,6000 · Office,BA-96136221,Active
VEN-2215,Wrenfield Advisory,2021-10-31,6100 · Facilities,BA-17330681,Active
VEN-2216,Wrenfield Co,2022-03-19,6900 · Miscellaneous,BA-86169551,Active
VEN-2217,Wrenfield Consulting,2022-03-22,6710 · Equipment,BA-15285419,Active
VEN-2218,Wrenfield Contractors,2021-08-11,6400 · Travel,BA-25951364,Active
VEN-2219,Wrenfield Distribution,2021-05-14,6100 · Facilities,BA-66515256,Active
VEN-2220,Wrenfield Group,2021-11-27,6710 · Equipment,BA-64310997,Active
VEN-2221,Wrenfield Holdings,2022-05-06,6000 · Office,BA-19021960,Active
VEN-2222,Wrenfield Logistics,2023-06-01,6100 · Facilities,BA-61961432,Active
VEN-2223,Wrenfield Materials,2022-01-02,6300 · Contractors,BA-89452978,Active
VEN-2224,Wrenfield Partners,2021-12-16,6710 · Equipment,BA-30843473,Active
VEN-2225,Wrenfield Services,2022-08-09,6800 · Events,BA-65353685,Active
VEN-2226,Wrenfield Solutions,2021-12-18,6400 · Travel,BA-23696006,Active
VEN-2227,Wrenfield Supply,2023-03-27,6300 · Contractors,BA-96504107,Active
VEN-2228,Wrenfield Supply Co,2022-08-07,6300 · Contractors,BA-38491325,Active
VEN-2229,Wrenfield Trade Ltd,2023-03-23,6100 · Facilities,BA-94140421,Active
VEN-2230,Wrenfield Vendors,2023-06-17,6400 · Travel,BA-67310943,Active
VEN-2231,Wrenfield Ventures,2023-06-28,6500 · Professional,BA-11251911,Active
VEN-2232,Wrenhollow Legal,2024-12-18,6100 · Facilities,BA-21829855,Active
VEN-2233,Yarrowmere & Finch,2023-05-02,6100 · Facilities,BA-26286981,Active
VEN-2234,Yarrowmere & Sons,2023-04-25,6400 · Travel,BA-73395297,Active
VEN-2235,Yarrowmere Advisory,2023-08-28,6400 · Travel,BA-46969722,Active
VEN-2236,Yarrowmere Co,2021-08-04,6500 · Professional,BA-86368509,Active
VEN-2237,Yarrowmere Consulting,2023-01-11,6800 · Events,BA-70502221,Active
VEN-2238,Yarrowmere Contractors,2021-05-27,6210 · Software,BA-35153788,Active
VEN-2239,Yarrowmere Distribution,2023-05-06,6000 · Office,BA-59106734,Active
VEN-2240,Yarrowmere Group,2021-07-18,6300 · Contractors,BA-29434667,Active
VEN-2241,Yarrowmere Holdings,2021-07-18,6100 · Facilities,BA-21313160,Active
VEN-2242,Yarrowmere Logistics,2022-10-31,6600 · Marketing,BA-94372371,Active
VEN-2243,Yarrowmere Materials,2022-02-28,6400 · Travel,BA-76853417,Active
VEN-2244,Yarrowmere Partners,2022-04-15,6800 · Events,BA-99864306,Active
VEN-2245,Yarrowmere Services,2023-07-26,6300 · Contractors,BA-17068021,Active
VEN-2246,Yarrowmere Solutions,2021-09-24,6800 · Events,BA-14290770,Active
VEN-2247,Yarrowmere Supply,2024-02-26,6210 · Software,BA-18127013,Active
VEN-2248,Yarrowmere Supply Co,2023-12-15,6710 · Equipment,BA-97335137,Active
VEN-2249,Yarrowmere Trade Ltd,2021-10-20,6800 · Events,BA-92976585,Active
VEN-2250,Yarrowmere Traders,2023-04-26,6500 · Professional,BA-62203809,Active
VEN-2251,Yarrowmere Vendors,2022-12-19,6900 · Miscellaneous,BA-51942343,Active
VEN-2252,Yarrowmere Ventures,2021-08-23,6210 · Software,BA-90546652,Active
